uid,params_path,QBER_path,rewards_path,date_completed,total_episodes,gamma,tau,num_actions,num_states,lower_bound,upper_bound,ep_running_average,buffer_size,TARGET_REWARD,max_env_steps,latency,actor_lr,critic_lr,std_dev,env.delta_t,env.max_t,env_type,env.fixed_errors_flags,env.fixed_error_ctrl_pump,env.fixed_error_ctrl_alice,env.fixed_error_ctrl_bob,total_training_time,avg_time_per_ep,baseline_reward,note,algorithm,lambda,HIDDEN_LAYER_SIZES,target_kl,train_policy_iterations,train_value_iterations,policy_learning_rate,value_function_learning_rate,clip_ration,convergence_reward,seed,env_reward_type
07cfdf0b-f9f7-4374-8167-5b76a593930f,./output/07cfdf0b-f9f7-4374-8167-5b76a593930f_params.csv,./output/07cfdf0b-f9f7-4374-8167-5b76a593930f_QBER.png,./output/07cfdf0b-f9f7-4374-8167-5b76a593930f_rewards.png,2024-07-11 13:21:38.760353,100,0.8,0.005,2,2,-3.141592653589793,3.141592653589793,10,5000,0,1000,1,0.001,0.01,0.4,0.01,2,SimpleControlledFixedEnv,"[True, True, True, True, True, True, True, True, True, True, True, True]","[0, 0, 0, 0]","[3.141592653589793, 3.141592653589793, 0, 0]","[0, 0, 0, 0]",208.85191655158997,2.0885191655158994,,-5 times scaled negative reward,,,,,,,,,,,,
36a2a925-630e-4993-a2e6-1a4cdecd0f1d,./output/36a2a925-630e-4993-a2e6-1a4cdecd0f1d_params.csv,./output/36a2a925-630e-4993-a2e6-1a4cdecd0f1d_QBER.png,./output/36a2a925-630e-4993-a2e6-1a4cdecd0f1d_rewards.png,2024-07-11 14:01:54.425827,1000,0.8,0.005,2,2,-3.141592653589793,3.141592653589793,10,5000,0,1000,1,0.001,0.01,0.4,0.01,2,SimpleControlledFixedEnv,"[True, True, True, True, False, False, True, True, True, True, True, True]","[0, 0, 0, 0]","[3.141592653589793, 3.141592653589793, 0, 0]","[0, 0, 0, 0]",2147.4896562099457,2.1474896562099457,,-5 times scaled negative reward,,,,,,,,,,,,
79917acc-87ab-4775-8ab8-35da8cd705bf,./output/79917acc-87ab-4775-8ab8-35da8cd705bf_params.csv,./output/79917acc-87ab-4775-8ab8-35da8cd705bf_QBER.png,./output/79917acc-87ab-4775-8ab8-35da8cd705bf_rewards.png,2024-07-11 14:11:31.014100,100,0.8,0.005,2,2,-3.141592653589793,3.141592653589793,10,5000,0,1000,1,0.001,0.002,0.4,0.01,2,SimpleControlledFixedEnv,"[True, True, True, True, False, False, True, True, True, True, True, True]","[0, 0, 0, 0]","[3.141592653589793, 3.141592653589793, 0, 0]","[0, 0, 0, 0]",210.2498915195465,2.102498915195465,,-5 times scaled negative reward,,,,,,,,,,,,
ad0a5f18-12bb-4786-a243-e3e9032d45b2,./output/ad0a5f18-12bb-4786-a243-e3e9032d45b2_params.csv,./output/ad0a5f18-12bb-4786-a243-e3e9032d45b2_QBER.png,./output/ad0a5f18-12bb-4786-a243-e3e9032d45b2_rewards.png,2024-07-11 14:15:39.239523,100,0.1,0.005,2,2,-3.141592653589793,3.141592653589793,10,5000,0,1000,1,0.001,0.002,0.4,0.01,2,SimpleControlledFixedEnv,"[True, True, True, True, False, False, True, True, True, True, True, True]","[0, 0, 0, 0]","[3.141592653589793, 3.141592653589793, 0, 0]","[0, 0, 0, 0]",207.94608521461487,2.079460852146149,,-5 times scaled negative reward,,,,,,,,,,,,
bb1b82e1-9918-469d-9b97-596d1c782ed5,./output/bb1b82e1-9918-469d-9b97-596d1c782ed5_params.csv,./output/bb1b82e1-9918-469d-9b97-596d1c782ed5_QBER.png,./output/bb1b82e1-9918-469d-9b97-596d1c782ed5_rewards.png,2024-07-11 14:26:51.382154,200,0.5,0.005,2,2,-3.141592653589793,3.141592653589793,10,5000,0,1000,1,0.001,0.005,0.4,0.01,2,SimpleControlledFixedEnv,"[True, True, True, True, False, False, True, True, True, True, True, True]","[0, 0, 0, 0]","[3.141592653589793, 3.141592653589793, 0, 0]","[0, 0, 0, 0]",418.9818413257599,2.0949092066287993,,-5 times scaled negative reward,,,,,,,,,,,,
7f055efa-d434-4815-848b-304ca76b06cd,./output/7f055efa-d434-4815-848b-304ca76b06cd_params.csv,./output/7f055efa-d434-4815-848b-304ca76b06cd_QBER.png,./output/7f055efa-d434-4815-848b-304ca76b06cd_rewards.png,2024-07-11 14:37:08.667824,200,0.8,0.001,2,2,-3.141592653589793,3.141592653589793,10,5000,0,1000,1,0.0001,0.005,0.4,0.01,2,SimpleControlledFixedEnv,"[True, True, True, True, False, False, True, True, True, True, True, True]","[0, 0, 0, 0]","[3.141592653589793, 3.141592653589793, 0, 0]","[0, 0, 0, 0]",422.49514269828796,2.11247571349144,,-5 times scaled negative reward,,,,,,,,,,,,
fab6a828-a385-4461-b905-e4a37c015d99,./output/fab6a828-a385-4461-b905-e4a37c015d99_params.csv,./output/fab6a828-a385-4461-b905-e4a37c015d99_QBER.png,./output/fab6a828-a385-4461-b905-e4a37c015d99_rewards.png,2024-07-11 14:48:29.244902,200,0,0.001,2,2,-3.141592653589793,3.141592653589793,10,5000,0,1000,1,0.0001,0.005,0.2,0.01,2,SimpleControlledFixedEnv,"[True, True, True, True, False, False, True, True, True, True, True, True]","[0, 0, 0, 0]","[3.141592653589793, 3.141592653589793, 0, 0]","[0, 0, 0, 0]",425.07324481010437,2.125366224050522,,-5 times scaled negative reward,,,,,,,,,,,,
c66af9bd-65d7-4baa-9795-4eae5f8ea72c,./output/c66af9bd-65d7-4baa-9795-4eae5f8ea72c_params.csv,./output/c66af9bd-65d7-4baa-9795-4eae5f8ea72c_QBER.png,./output/c66af9bd-65d7-4baa-9795-4eae5f8ea72c_rewards.png,2024-07-11 14:56:21.735717,200,0.8,0.002,2,2,-3.141592653589793,3.141592653589793,10,5000,0,1000,1,0.0005,0.01,0.2,0.01,2,SimpleControlledFixedEnv,"[True, True, True, True, False, False, True, True, True, True, True, True]","[0, 0, 0, 0]","[3.141592653589793, 3.141592653589793, 0, 0]","[0, 0, 0, 0]",390.7346272468567,1.9536731362342834,,-5 times scaled negative reward,,,,,,,,,,,,
59a2b932-9728-49c7-80f0-54f4d3356a9f,./output/59a2b932-9728-49c7-80f0-54f4d3356a9f_params.csv,./output/59a2b932-9728-49c7-80f0-54f4d3356a9f_QBER.png,./output/59a2b932-9728-49c7-80f0-54f4d3356a9f_rewards.png,2024-07-11 15:06:48.353900,200,0.8,0.002,1,2,-3.141592653589793,3.141592653589793,10,5000,0,1000,1,0.0005,0.01,0.2,0.01,2,SimpleControlledFixedEnv,"[True, True, True, True, False, True, True, True, True, True, True, True]","[0, 0, 0, 0]","[3.141592653589793, 0, 0, 0]","[0, 0, 0, 0]",388.37305974960327,1.9418652987480163,,-5 times scaled negative reward onlyZ,,,,,,,,,,,,
65289406-f1b8-4de4-aec3-fa8b9c74ad4e,./output/65289406-f1b8-4de4-aec3-fa8b9c74ad4e_params.csv,./output/65289406-f1b8-4de4-aec3-fa8b9c74ad4e_QBER.png,./output/65289406-f1b8-4de4-aec3-fa8b9c74ad4e_rewards.png,2024-07-11 15:13:45.431974,200,0.8,0.01,1,2,-3.141592653589793,3.141592653589793,10,5000,0,1000,1,0.001,0.01,0.2,0.01,2,SimpleControlledFixedEnv,"[True, True, True, True, False, True, True, True, True, True, True, True]","[0, 0, 0, 0]","[3.141592653589793, 0, 0, 0]","[0, 0, 0, 0]",381.6926929950714,1.9084634649753571,,-5 times scaled negative reward onlyZ,,,,,,,,,,,,
c45365bc-6f1c-40b6-979b-e3bd633791e4,./output/c45365bc-6f1c-40b6-979b-e3bd633791e4_params.csv,./output/c45365bc-6f1c-40b6-979b-e3bd633791e4_QBER.png,./output/c45365bc-6f1c-40b6-979b-e3bd633791e4_rewards.png,2024-07-11 15:51:34.861893,1000,0.8,0.005,1,2,-3.141592653589793,3.141592653589793,10,5000,0,1000,1,0.001,0.01,0.2,0.01,2,SimpleControlledFixedEnv,"[True, True, True, True, False, True, True, True, True, True, True, True]","[0, 0, 0, 0]","[3.141592653589793, 0, 0, 0]","[0, 0, 0, 0]",2012.4098811149597,2.0124098811149596,,-5 times scaled negative reward onlyZ,,,,,,,,,,,,
ed158f97-936e-456f-a2fe-28a157db855c,./output/ed158f97-936e-456f-a2fe-28a157db855c_params.csv,./output/ed158f97-936e-456f-a2fe-28a157db855c_QBER.png,./output/ed158f97-936e-456f-a2fe-28a157db855c_rewards.png,2024-07-11 16:08:58.760406,100,0.8,0.005,1,2,-3.141592653589793,3.141592653589793,10,5000,0,1000,1,0.001,0.01,0.2,0.01,2,SimpleControlledFixedEnv,"[True, True, True, True, False, True, True, True, True, True, True, True]","[0, 0, 0, 0]","[3.141592653589793, 0, 0, 0]","[0, 0, 0, 0]",100.32429146766663,1.0032429146766662,,-5 times scaled negative reward onlyZ,,,,,,,,,,,,
986902ef-6029-4f49-b3eb-bc6eb66cd9a4,./output/986902ef-6029-4f49-b3eb-bc6eb66cd9a4_params.csv,./output/986902ef-6029-4f49-b3eb-bc6eb66cd9a4_QBER.png,./output/986902ef-6029-4f49-b3eb-bc6eb66cd9a4_rewards.png,2024-07-11 16:11:52.535530,100,0.8,0.005,1,2,-3.141592653589793,3.141592653589793,10,5000,0,1000,1,0.001,0.01,1.0,0.01,2,SimpleControlledFixedEnv,"[True, True, True, True, False, True, True, True, True, True, True, True]","[0, 0, 0, 0]","[3.141592653589793, 0, 0, 0]","[0, 0, 0, 0]",104.12775325775146,1.0412775325775145,,-5 times scaled negative reward onlyZ,,,,,,,,,,,,
c25e42a7-fcb1-42d1-9c21-934198e76f62,./output/c25e42a7-fcb1-42d1-9c21-934198e76f62_params.csv,./output/c25e42a7-fcb1-42d1-9c21-934198e76f62_QBER.png,./output/c25e42a7-fcb1-42d1-9c21-934198e76f62_rewards.png,2024-07-11 16:16:20.645662,100,0.8,0.005,1,2,-3.141592653589793,3.141592653589793,10,5000,0,1000,1,0.01,0.01,1.0,0.01,2,SimpleControlledFixedEnv,"[True, True, True, True, False, True, True, True, True, True, True, True]","[0, 0, 0, 0]","[3.141592653589793, 0, 0, 0]","[0, 0, 0, 0]",98.70529747009277,0.9870529747009278,,-5 times scaled negative reward onlyZ,,,,,,,,,,,,
dbf4c45b-3811-43e7-9599-cd7c7739da23,./output/dbf4c45b-3811-43e7-9599-cd7c7739da23_params.csv,./output/dbf4c45b-3811-43e7-9599-cd7c7739da23_QBER.png,./output/dbf4c45b-3811-43e7-9599-cd7c7739da23_rewards.png,2024-07-11 16:18:42.600671,100,0.8,0.005,1,2,-3.141592653589793,3.141592653589793,10,5000,0,1000,1,0.005,0.01,1.0,0.01,2,SimpleControlledFixedEnv,"[True, True, True, True, False, True, True, True, True, True, True, True]","[0, 0, 0, 0]","[3.141592653589793, 0, 0, 0]","[0, 0, 0, 0]",98.05015254020691,0.9805015254020691,,-5 times scaled negative reward onlyZ,,,,,,,,,,,,
fd576579-618f-41f4-b36c-72409c3d5403,./output/fd576579-618f-41f4-b36c-72409c3d5403_params.csv,./output/fd576579-618f-41f4-b36c-72409c3d5403_QBER.png,./output/fd576579-618f-41f4-b36c-72409c3d5403_rewards.png,2024-07-11 16:29:58.713940,100,0.99,0.005,1,2,-3.141592653589793,3.141592653589793,10,30000,0,1000,1,0.0005,0.01,0.2,0.01,2,SimpleControlledFixedEnv,"[True, True, True, True, False, True, True, True, True, True, True, True]","[0, 0, 0, 0]","[3.141592653589793, 0, 0, 0]","[0, 0, 0, 0]",169.19540858268738,1.6919540858268738,-262.65559067026237,-5 times scaled negative reward onlyZ,,,,,,,,,,,,
495017ad-cb18-4cfe-97b3-273ac63ccc41,./output/495017ad-cb18-4cfe-97b3-273ac63ccc41_params.csv,./output/495017ad-cb18-4cfe-97b3-273ac63ccc41_QBER.png,./output/495017ad-cb18-4cfe-97b3-273ac63ccc41_rewards.png,2024-07-11 16:33:40.239071,100,0.99,0.005,1,2,-3.141592653589793,3.141592653589793,10,30000,0,1000,1,0.0001,0.005,0.2,0.01,2,SimpleControlledFixedEnv,"[True, True, True, True, False, True, True, True, True, True, True, True]","[0, 0, 0, 0]","[3.141592653589793, 0, 0, 0]","[0, 0, 0, 0]",167.84311437606812,1.6784311437606811,-108.72379843471421,-5 times scaled negative reward onlyZ,,,,,,,,,,,,
89c998bc-2fbb-4139-9cb7-80d177176156,./output/89c998bc-2fbb-4139-9cb7-80d177176156_params.csv,./output/89c998bc-2fbb-4139-9cb7-80d177176156_QBER.png,./output/89c998bc-2fbb-4139-9cb7-80d177176156_rewards.png,2024-07-11 16:45:41.705292,300,0.99,0.005,1,2,-3.141592653589793,3.141592653589793,10,30000,0,1000,1,0.0001,0.001,0.2,0.01,2,SimpleControlledFixedEnv,"[True, True, True, True, False, True, True, True, True, True, True, True]","[0, 0, 0, 0]","[3.141592653589793, 0, 0, 0]","[0, 0, 0, 0]",631.662575006485,2.105541916688283,-41.58932535131858,-5 times scaled negative reward onlyZ,,,,,,,,,,,,
17a456ef-c6a6-4e6e-8123-f7c12b2c1ac7,./output/17a456ef-c6a6-4e6e-8123-f7c12b2c1ac7_params.csv,./output/17a456ef-c6a6-4e6e-8123-f7c12b2c1ac7_QBER.png,./output/17a456ef-c6a6-4e6e-8123-f7c12b2c1ac7_rewards.png,2024-07-12 09:11:55.837696,100,0.99,0.005,4,2,-3.141592653589793,3.141592653589793,10,30000,0,1440,1,0.0001,0.001,0.02,1,1440,SimpleControlledFixedEnv,[False False False False False False False False False False False False],"[0, 0, 0, 0]","[3.141592653589793, 0, 0, 0]","[0, 0, 0, 0]",655.6677470207214,6.556677470207214,-1503.7662732453223,-5 times scaled negative reward onlyZ new ladybug,,,,,,,,,,,,
cc798304-15df-4fcb-a857-045cbd24544a,./output/cc798304-15df-4fcb-a857-045cbd24544a_params.csv,./output/cc798304-15df-4fcb-a857-045cbd24544a_QBER.png,./output/cc798304-15df-4fcb-a857-045cbd24544a_rewards.png,2024-07-12 09:37:42.141194,100,0.99,0.005,4,2,-3.141592653589793,3.141592653589793,10,30000,0,1440,1,0.0001,0.001,0.2,1,1440,SimpleControlledFixedEnv,[False False False False False False False False False False False False],"[0, 0, 0, 0]","[3.141592653589793, 0, 0, 0]","[0, 0, 0, 0]",660.0816395282745,6.600816395282745,-1508.5504410435476,-5 times scaled negative reward onlyZ new ladybug,,,,,,,,,,,,
91487c9f-8950-462e-9cd7-f489860b0b6a,./output/91487c9f-8950-462e-9cd7-f489860b0b6a_params.csv,./output/91487c9f-8950-462e-9cd7-f489860b0b6a_QBER.png,./output/91487c9f-8950-462e-9cd7-f489860b0b6a_rewards.png,2024-07-12 10:33:24.135653,100,0.8,0.005,1,2,-3.141592653589793,3.141592653589793,10,30000,144,1440,10,0.001,0.01,0.2,1,1440,SimpleControlledFixedEnv,"[True, True, True, True, False, True, True, True, True, True, True, True]","[0, 0, 0, 0]","[3.141592653589793, 0, 0, 0]","[0, 0, 0, 0]",181.76752090454102,1.8176752090454102,4.100000000000001,-5 times scaled negative reward onlyZ new ladybug,,,,,,,,,,,,
79715bb5-6577-49a9-a450-2a601c573973,./output/79715bb5-6577-49a9-a450-2a601c573973_params.csv,./output/79715bb5-6577-49a9-a450-2a601c573973_QBER.png,./output/79715bb5-6577-49a9-a450-2a601c573973_rewards.png,2024-07-12 10:39:50.373279,100,0.8,0.005,1,2,-3.141592653589793,3.141592653589793,10,30000,144,1440,10,0.001,0.01,0.8,1,1440,SimpleControlledFixedEnv,"[True, True, True, True, False, True, True, True, True, True, True, True]","[0, 0, 0, 0]","[3.141592653589793, 0, 0, 0]","[0, 0, 0, 0]",325.89911913871765,3.2589911913871763,4.200000000000001, target 0.1 onlyZ new ladybug,,,,,,,,,,,,
c8541dbe-6960-410e-a8ed-05ed656cfdf8,./output/c8541dbe-6960-410e-a8ed-05ed656cfdf8_params.csv,./output/c8541dbe-6960-410e-a8ed-05ed656cfdf8_QBER.png,./output/c8541dbe-6960-410e-a8ed-05ed656cfdf8_rewards.png,2024-07-12 10:45:59.832130,100,0.8,0.005,1,2,-3.141592653589793,3.141592653589793,10,30000,144,1440,10,0.001,0.01,0.2,1,1440,SimpleControlledFixedEnv,"[True, True, True, True, True, True, True, True, True, True, True, True]","[0, 0, 0, 0]","[3.141592653589793, 0, 0, 0]","[0, 0, 0, 0]",321.55425930023193,3.2155425930023194,0,-5 times scaled negative reward onlyZ new ladybug,,,,,,,,,,,,
36336f82-66c7-4948-817e-ce4b4467aa48,./output/36336f82-66c7-4948-817e-ce4b4467aa48_params.csv,./output/36336f82-66c7-4948-817e-ce4b4467aa48_QBER.png,./output/36336f82-66c7-4948-817e-ce4b4467aa48_rewards.png,2024-07-12 11:35:51.118175,200,0.8,0.005,1,2,-3.141592653589793,3.141592653589793,10,30000,12,1440,10,0.001,0.01,0.2,1,1440,SimpleControlledFixedEnv,"[True, True, True, True, True, True, True, True, True, True, True, True]","[0, 0, 0, 0]","[3.141592653589793, 0, 0, 0]","[0, 0, 0, 0]",138.34719610214233,3.2939808595748175,0,target 0.1 onlyZ new ladybug,,,,,,,,,,,,
f0ec5f2f-a69c-4bf9-a2f7-5ba0bffd352a,./output/f0ec5f2f-a69c-4bf9-a2f7-5ba0bffd352a_params.csv,./output/f0ec5f2f-a69c-4bf9-a2f7-5ba0bffd352a_QBER.png,./output/f0ec5f2f-a69c-4bf9-a2f7-5ba0bffd352a_rewards.png,2024-07-12 11:47:26.278934,200,0.8,0.005,1,2,-3.141592653589793,3.141592653589793,10,30000,12,1440,10,0.001,0.01,0.2,1,1440,SimpleControlledFixedEnv,"[True, True, True, True, False, True, True, True, True, True, True, True]","[0, 0, 0, 0]","[3.141592653589793, 0, 0, 0]","[0, 0, 0, 0]",657.3193395137787,3.2865966975688936,4.000000000000002,target 0.1 onlyZ new ladybug,,,,,,,,,,,,
8499cf0a-fe09-4d32-9413-fbc0fe0aeefc,./output/8499cf0a-fe09-4d32-9413-fbc0fe0aeefc_params.csv,./output/8499cf0a-fe09-4d32-9413-fbc0fe0aeefc_QBER.png,./output/8499cf0a-fe09-4d32-9413-fbc0fe0aeefc_rewards.png,2024-07-12 12:00:50.895936,200,0.8,0.005,1,2,-3.141592653589793,3.141592653589793,10,30000,12,1440,10,0.0001,0.001,0.05,1,1440,SimpleControlledFixedEnv,"[True, True, True, True, False, True, True, True, True, True, True, True]","[0, 0, 0, 0]","[3.141592653589793, 0, 0, 0]","[0, 0, 0, 0]",660.7398936748505,3.303699468374252,4.000000000000002,target 0.1 onlyZ new ladybug,,,,,,,,,,,,
f32bdedc-2e7a-439b-a4de-47c8388fe04d,./output/f32bdedc-2e7a-439b-a4de-47c8388fe04d_params.csv,./output/f32bdedc-2e7a-439b-a4de-47c8388fe04d_QBER.png,./output/f32bdedc-2e7a-439b-a4de-47c8388fe04d_rewards.png,2024-07-12 12:16:57.378685,200,0.8,0.005,1,2,-3.141592653589793,3.141592653589793,10,30000,12,1440,10,0.0001,0.001,0.001,1,1440,SimpleControlledFixedEnv,"[True, True, True, True, False, True, True, True, True, True, True, True]","[0, 0, 0, 0]","[3.141592653589793, 0, 0, 0]","[0, 0, 0, 0]",637.733359336853,3.1886667966842652,4.100000000000001,target 0.1 onlyZ new ladybug,,,,,,,,,,,,
814a5d0d-395f-4ed2-88e9-a50cb9605556,./output/814a5d0d-395f-4ed2-88e9-a50cb9605556_params.csv,./output/814a5d0d-395f-4ed2-88e9-a50cb9605556_QBER.png,./output/814a5d0d-395f-4ed2-88e9-a50cb9605556_rewards.png,2024-07-12 12:21:55.284402,20,0.8,0.005,1,2,-3.141592653589793,0,10,30000,12,1440,100,0.0001,0.001,0.001,1,1440,SimpleControlledFixedEnv,"[True, True, True, True, False, True, True, True, True, True, True, True]","[0, 0, 0, 0]","[3.141592653589793, 0, 0, 0]","[0, 0, 0, 0]",21.16313886642456,1.0581569433212281,0.30000000000000004,target 0.1 onlyZ new ladybug,,,,,,,,,,,,
235452bf-5f16-40d5-a3cf-ca20779e1d74,./output/235452bf-5f16-40d5-a3cf-ca20779e1d74_params.csv,./output/235452bf-5f16-40d5-a3cf-ca20779e1d74_QBER.png,./output/235452bf-5f16-40d5-a3cf-ca20779e1d74_rewards.png,2024-07-12 12:22:54.539838,20,0.8,0.005,1,2,-3.141592653589793,0,10,30000,12,1440,100,0.001,0.001,0.1,1,1440,SimpleControlledFixedEnv,"[True, True, True, True, False, True, True, True, True, True, True, True]","[0, 0, 0, 0]","[3.141592653589793, 0, 0, 0]","[0, 0, 0, 0]",21.244267463684082,1.062213373184204,0.30000000000000004,target 0.1 onlyZ new ladybug,,,,,,,,,,,,
36c0f768-9f86-46fc-8b17-cf1b2cb96819,./output/36c0f768-9f86-46fc-8b17-cf1b2cb96819_params.csv,./output/36c0f768-9f86-46fc-8b17-cf1b2cb96819_QBER.png,./output/36c0f768-9f86-46fc-8b17-cf1b2cb96819_rewards.png,2024-07-12 12:24:52.857023,100,0.8,0.005,1,2,-3.141592653589793,0,10,30000,12,1440,100,0.001,0.001,0.1,1,1440,SimpleControlledFixedEnv,"[True, True, True, True, False, True, True, True, True, True, True, True]","[0, 0, 0, 0]","[3.141592653589793, 0, 0, 0]","[0, 0, 0, 0]",95.95487594604492,0.9595487594604493,0.30000000000000004,target 0.1 onlyZ new ladybug,,,,,,,,,,,,
9d7b9c13-134d-49ae-b1ad-a8fed78f45fc,./output/9d7b9c13-134d-49ae-b1ad-a8fed78f45fc_params.csv,./output/9d7b9c13-134d-49ae-b1ad-a8fed78f45fc_QBER.png,./output/9d7b9c13-134d-49ae-b1ad-a8fed78f45fc_rewards.png,2024-07-12 12:28:13.078985,100,0.8,0.001,1,2,-3.141592653589793,0,10,30000,8,1440,100,0.001,0.001,0.2,1,1440,SimpleControlledFixedEnv,"[True, True, True, True, False, True, True, True, True, True, True, True]","[0, 0, 0, 0]","[3.141592653589793, 0, 0, 0]","[0, 0, 0, 0]",95.09134554862976,0.9509134554862976,0.30000000000000004,target 0.1 onlyZ new ladybug,,,,,,,,,,,,
3d3f7003-ed78-4f34-9d0c-4f5c941c6603,./output/3d3f7003-ed78-4f34-9d0c-4f5c941c6603_params.csv,./output/3d3f7003-ed78-4f34-9d0c-4f5c941c6603_QBER.png,./output/3d3f7003-ed78-4f34-9d0c-4f5c941c6603_rewards.png,2024-07-12 12:30:45.873327,100,0.8,0.005,1,2,-3.141592653589793,0,10,30000,8,1440,100,0.01,0.01,0.2,1,1440,SimpleControlledFixedEnv,"[True, True, True, True, False, True, True, True, True, True, True, True]","[0, 0, 0, 0]","[3.141592653589793, 0, 0, 0]","[0, 0, 0, 0]",93.48448610305786,0.9348448610305786,0.30000000000000004,target 0.1 onlyZ new ladybug,,,,,,,,,,,,
b9b425ee-59c3-4e6f-8975-302508e0fd40,./output/b9b425ee-59c3-4e6f-8975-302508e0fd40_params.csv,./output/b9b425ee-59c3-4e6f-8975-302508e0fd40_QBER.png,./output/b9b425ee-59c3-4e6f-8975-302508e0fd40_rewards.png,2024-07-12 12:33:36.187710,100,0.8,0.005,1,2,-3.141592653589793,0,10,30000,8,1440,100,0.001,0.01,0.2,1,1440,SimpleControlledFixedEnv,"[True, True, True, True, False, True, True, True, True, True, True, True]","[0, 0, 0, 0]","[3.141592653589793, 0, 0, 0]","[0, 0, 0, 0]",94.09330487251282,0.9409330487251282,0.30000000000000004,target 0.1 onlyZ new ladybug,,,,,,,,,,,,
8eb46289-129d-4fec-a49b-c738d8571018,./output/8eb46289-129d-4fec-a49b-c738d8571018_params.csv,./output/8eb46289-129d-4fec-a49b-c738d8571018_QBER.png,./output/8eb46289-129d-4fec-a49b-c738d8571018_rewards.png,2024-07-12 12:35:36.011030,100,0.8,0.005,1,2,-3.141592653589793,0,5,30000,1.4,1440,100,0.001,0.01,0.2,1,1440,SimpleControlledFixedEnv,"[True, True, True, True, False, True, True, True, True, True, True, True]","[0, 0, 0, 0]","[3.141592653589793, 0, 0, 0]","[0, 0, 0, 0]",95.96629548072815,0.9596629548072815,0.30000000000000004,target 0.1 onlyZ new ladybug,,,,,,,,,,,,
9ee673ff-b465-4d45-a4a6-10c6c47586e6,./output/9ee673ff-b465-4d45-a4a6-10c6c47586e6_params.csv,./output/9ee673ff-b465-4d45-a4a6-10c6c47586e6_QBER.png,./output/9ee673ff-b465-4d45-a4a6-10c6c47586e6_rewards.png,2024-07-12 12:37:20.559511,100,0.8,0.005,1,2,-3.141592653589793,0,5,30000,1.4,1440,100,0.001,0.01,0.2,1,1440,SimpleControlledFixedEnv,"[True, True, True, True, False, True, True, True, True, True, True, True]","[0, 0, 0, 0]","[3.141592653589793, 0, 0, 0]","[0, 0, 0, 0]",95.59965896606445,0.9559965896606445,0.30000000000000004,target 0.1 onlyZ new ladybug,,,,,,,,,,,,
6bf157c9-2cb0-4f6e-9e95-f8b10459a551,./output/6bf157c9-2cb0-4f6e-9e95-f8b10459a551_params.csv,./output/6bf157c9-2cb0-4f6e-9e95-f8b10459a551_QBER.png,./output/6bf157c9-2cb0-4f6e-9e95-f8b10459a551_rewards.png,2024-07-12 12:40:00.473896,100,0.8,0.005,1,2,-3.141592653589793,0,5,30000,1.4,1440,100,0.001,0.01,0.4,1,1440,SimpleControlledFixedEnv,"[True, True, True, True, False, True, True, True, True, True, True, True]","[0, 0, 0, 0]","[3.141592653589793, 0, 0, 0]","[0, 0, 0, 0]",81.29044818878174,0.8129044818878174,0.30000000000000004,target 0.1 onlyZ new ladybug,,,,,,,,,,,,
be804ae5-a14b-4eb5-8a00-9881ee6d52b7,./output/be804ae5-a14b-4eb5-8a00-9881ee6d52b7_params.csv,./output/be804ae5-a14b-4eb5-8a00-9881ee6d52b7_QBER.png,./output/be804ae5-a14b-4eb5-8a00-9881ee6d52b7_rewards.png,2024-07-12 12:41:33.088645,100,0.99,0.005,1,2,-3.141592653589793,0,5,30000,1.4,1440,100,0.001,0.01,0.4,1,1440,SimpleControlledFixedEnv,"[True, True, True, True, False, True, True, True, True, True, True, True]","[0, 0, 0, 0]","[3.141592653589793, 0, 0, 0]","[0, 0, 0, 0]",80.42164134979248,0.8042164134979248,0.30000000000000004,target 0.1 onlyZ new ladybug,,,,,,,,,,,,
f16eb6a9-ec85-4b77-9f09-8cb9a06e4be0,./output/f16eb6a9-ec85-4b77-9f09-8cb9a06e4be0_params.csv,./output/f16eb6a9-ec85-4b77-9f09-8cb9a06e4be0_QBER.png,./output/f16eb6a9-ec85-4b77-9f09-8cb9a06e4be0_rewards.png,2024-07-14 23:52:28.983249,100,0.99,0.005,4,2,0.0,1.0,5,30000,0,100,1,0.001,0.01,0.4,0.1,10.0,SinusoidalControlledFixedEnv,"[True, True, True, True, False, True, True, True, True, True, True, True]","[0, 0, 0, 0]","[3.141592653589793, 0, 0, 0]","[0, 0, 0, 0]",46.621336936950684,0.46621336936950686,-6.750617873271513,reward -0.5 onlyZ nsinus,,,,,,,,,,,,
6b2d3e4b-6585-460d-b8f1-e3de4a03f9e9,./output/6b2d3e4b-6585-460d-b8f1-e3de4a03f9e9_params.csv,./output/6b2d3e4b-6585-460d-b8f1-e3de4a03f9e9_QBER.png,./output/6b2d3e4b-6585-460d-b8f1-e3de4a03f9e9_rewards.png,2024-07-15 00:35:39.283568,100,0.99,0.005,4,2,0.0,1.0,5,30000,0,100,1,0.001,0.01,0.4,0.1,10.0,SinusoidalControlledFixedEnv,"[True, True, True, True, False, True, True, True, True, True, True, True]","[0, 0, 0, 0]","[3.141592653589793, 0, 0, 0]","[0, 0, 0, 0]",47.1022424697876,0.471022424697876,-4.325692193785547,reward -0.5 onlyZ nsinus,,,,,,,,,,,,
416a9b82-5e1d-42b3-8e35-ecc87b50d4ec,./output/416a9b82-5e1d-42b3-8e35-ecc87b50d4ec_params.csv,./output/416a9b82-5e1d-42b3-8e35-ecc87b50d4ec_QBER.png,./output/416a9b82-5e1d-42b3-8e35-ecc87b50d4ec_rewards.png,2024-07-15 00:37:00.607141,100,0.99,0.005,4,2,0.0,1.0,5,30000,0,100,1,0.001,0.01,0.1,0.1,10.0,SinusoidalControlledFixedEnv,"[True, True, True, True, False, True, True, True, True, True, True, True]","[0, 0, 0, 0]","[3.141592653589793, 0, 0, 0]","[0, 0, 0, 0]",47.10248947143555,0.4710248947143555,-8.132260800285174,reward -0.5 onlyZ nsinus,,,,,,,,,,,,
3b2c1ec4-b9d2-4317-bf0c-4edc4851a80a,./output/3b2c1ec4-b9d2-4317-bf0c-4edc4851a80a_params.csv,./output/3b2c1ec4-b9d2-4317-bf0c-4edc4851a80a_QBER.png,./output/3b2c1ec4-b9d2-4317-bf0c-4edc4851a80a_rewards.png,2024-07-15 00:45:15.231986,1000,0.99,0.005,4,2,0.0,1.0,5,30000,0,100,1,0.001,0.01,0.2,0.1,10.0,SinusoidalControlledFixedEnv,"[True, True, True, True, False, True, True, True, True, True, True, True]","[0, 0, 0, 0]","[3.141592653589793, 0, 0, 0]","[0, 0, 0, 0]",457.5419273376465,0.4575419273376465,-2.605718069773909,reward -0.5 onlyZ nsinus,,,,,,,,,,,,
02de3c75-68e1-4f20-b806-e686471c07dc,./output/02de3c75-68e1-4f20-b806-e686471c07dc_params.csv,./output/02de3c75-68e1-4f20-b806-e686471c07dc_QBER.png,./output/02de3c75-68e1-4f20-b806-e686471c07dc_rewards.png,2024-07-15 00:46:15.647167,100,0.99,0.005,4,2,0.0,1.0,5,30000,-0.5,100,1,0.001,0.01,0.2,0.1,10.0,SinusoidalControlledFixedEnv,"[True, True, True, True, False, True, True, True, True, True, True, True]","[0, 0, 0, 0]","[3.141592653589793, 0, 0, 0]","[0, 0, 0, 0]",2.0201988220214844,2.0201988220214844,-0.3877802065392959,reward -0.5 onlyZ nsinus,,,,,,,,,,,,
1b9d5396-298a-49bc-b796-eef3269c9aa6,./output/1b9d5396-298a-49bc-b796-eef3269c9aa6_params.csv,./output/1b9d5396-298a-49bc-b796-eef3269c9aa6_QBER.png,./output/1b9d5396-298a-49bc-b796-eef3269c9aa6_rewards.png,2024-07-15 00:47:20.680540,100,0.99,0.005,4,2,0.0,1.0,5,30000,-0.5,100,1,0.001,0.01,0.2,0.1,10.0,SinusoidalControlledFixedEnv,"[True, True, True, True, False, True, True, True, True, True, True, True]","[0, 0, 0, 0]","[3.141592653589793, 0, 0, 0]","[0, 0, 0, 0]",47.904656171798706,0.47904656171798704,-0.6193385463543505,reward -0.5 onlyZ nsinus,,,,,,,,,,,,
0bfc5ff2-519a-411e-9b4a-1d81de6ebc11,./output/0bfc5ff2-519a-411e-9b4a-1d81de6ebc11_params.csv,./output/0bfc5ff2-519a-411e-9b4a-1d81de6ebc11_QBER.png,./output/0bfc5ff2-519a-411e-9b4a-1d81de6ebc11_rewards.png,2024-07-15 00:49:28.524375,100,0.1,0.001,4,2,0.0,1.0,5,30000,0,100,1,0.001,0.01,0.2,0.1,10.0,SinusoidalControlledFixedEnv,"[True, True, True, True, False, True, True, True, True, True, True, True]","[0, 0, 0, 0]","[3.141592653589793, 0, 0, 0]","[0, 0, 0, 0]",47.2070517539978,0.47207051753997803,-9.225257190915276,reward -0.5 onlyZ nsinus,,,,,,,,,,,,
0e4b05cc-adcd-47e5-b38a-7cfb0822d556,./output/0e4b05cc-adcd-47e5-b38a-7cfb0822d556_params.csv,./output/0e4b05cc-adcd-47e5-b38a-7cfb0822d556_QBER.png,./output/0e4b05cc-adcd-47e5-b38a-7cfb0822d556_rewards.png,2024-07-15 00:51:58.619707,100,0.1,0.001,4,2,0.0,1.0,5,30000,0,100,1,0.001,0.01,0.2,0.1,10.0,SinusoidalControlledFixedEnv,"[True, True, True, True, False, True, True, True, True, True, True, True]","[0, 0, 0, 0]","[3.141592653589793, 0, 0, 0]","[0, 0, 0, 0]",33.52469205856323,0.3352469205856323,-11.286688560949313,reward -0.5 onlyZ nsinus,,,,,,,,,,,,
3635da43-81ed-4a14-af7d-3c7671bdfb80,./output/3635da43-81ed-4a14-af7d-3c7671bdfb80_params.csv,./output/3635da43-81ed-4a14-af7d-3c7671bdfb80_QBER.png,./output/3635da43-81ed-4a14-af7d-3c7671bdfb80_rewards.png,2024-07-15 00:53:05.936341,100,0.1,0.001,4,2,0.0,1.0,5,30000,0,100,1,0.001,0.01,0.2,0.1,10.0,SinusoidalControlledFixedEnv,"[True, True, True, True, False, True, True, True, True, True, True, True]","[0, 0, 0, 0]","[3.141592653589793, 0, 0, 0]","[0, 0, 0, 0]",26.137781858444214,0.26137781858444215,-2.8557061875734715,reward -0.5 onlyZ nsinus,,,,,,,,,,,,
6489442f-cb2c-4743-ab65-9c1067fa072c,./output/6489442f-cb2c-4743-ab65-9c1067fa072c_params.csv,./output/6489442f-cb2c-4743-ab65-9c1067fa072c_QBER.png,./output/6489442f-cb2c-4743-ab65-9c1067fa072c_rewards.png,2024-07-15 00:54:40.027369,200,0.99,0.005,4,2,0.0,1.0,5,30000,0,100,1,0.001,0.01,0.2,0.1,10.0,SinusoidalControlledFixedEnv,"[True, True, True, True, False, True, True, True, True, True, True, True]","[0, 0, 0, 0]","[3.141592653589793, 0, 0, 0]","[0, 0, 0, 0]",51.147864818573,0.255739324092865,-1.4927165687208892,reward -0.5 onlyZ nsinus simpleNN,,,,,,,,,,,,
b552cb3c-fbbd-45c6-a3e5-7a57a6a10772,./output/b552cb3c-fbbd-45c6-a3e5-7a57a6a10772_params.csv,./output/b552cb3c-fbbd-45c6-a3e5-7a57a6a10772_QBER.png,./output/b552cb3c-fbbd-45c6-a3e5-7a57a6a10772_rewards.png,2024-07-15 00:59:20.333433,200,0.99,0.005,4,2,0.0,1.0,5,30000,0,100,1,0.001,0.01,0.2,0.1,10.0,SinusoidalControlledFixedEnv,"[True, True, True, True, False, True, True, True, True, True, True, True]","[0, 0, 0, 0]","[3.141592653589793, 0, 0, 0]","[0, 0, 0, 0]",42.014665842056274,0.21007332921028138,-6.692540451828688,reward -0.5 onlyZ nsinus simpleNN,,,,,,,,,,,,
e613b4cb-29ae-4135-b447-9d3231f0f5d1,./output/e613b4cb-29ae-4135-b447-9d3231f0f5d1_params.csv,./output/e613b4cb-29ae-4135-b447-9d3231f0f5d1_QBER.png,./output/e613b4cb-29ae-4135-b447-9d3231f0f5d1_rewards.png,2024-07-15 01:01:39.606505,200,0.5,0.005,4,2,0.0,1.0,5,30000,0,100,1,0.001,0.01,0.2,0.1,10.0,SinusoidalControlledFixedEnv,"[True, True, True, True, False, True, True, True, True, True, True, True]","[0, 0, 0, 0]","[3.141592653589793, 0, 0, 0]","[0, 0, 0, 0]",40.97756862640381,0.20488784313201905,-9.077011933436722,reward -0.5 onlyZ nsinus simpleNN,,,,,,,,,,,,
bc5f9e21-ff36-46a1-b7f1-75f57be5710e,./output/bc5f9e21-ff36-46a1-b7f1-75f57be5710e_params.csv,./output/bc5f9e21-ff36-46a1-b7f1-75f57be5710e_QBER.png,./output/bc5f9e21-ff36-46a1-b7f1-75f57be5710e_rewards.png,2024-07-15 10:14:14.285088,100,0.99,0.005,4,2,0.0,1.0,5,30000,0,100,1,0.001,0.001,0.2,0.1,10.0,SinusoidalControlledFixedEnv,"[True, True, True, True, False, True, True, True, True, True, True, True]","[0, 0, 0, 0]","[3.141592653589793, 0, 0, 0]","[0, 0, 0, 0]",40.63513541221619,0.4063513541221619,-13.00364615121366,reward -0.5 onlyZ nsinus simpleNN,,,,,,,,,,,,
8a77845a-4ce6-458f-bfe5-060a4402ce6f,./output/8a77845a-4ce6-458f-bfe5-060a4402ce6f_params.csv,./output/8a77845a-4ce6-458f-bfe5-060a4402ce6f_QBER.png,./output/8a77845a-4ce6-458f-bfe5-060a4402ce6f_rewards.png,2024-07-15 10:19:48.594139,100,0.99,0.005,4,2,0.0,1.0,5,30000,0,100,1,0.001,0.001,0.2,0.1,10.0,SinusoidalControlledFixedEnv,"[True, True, True, True, False, True, True, True, True, True, True, True]","[0, 0, 0, 0]","[3.141592653589793, 0, 0, 0]","[0, 0, 0, 0]",40.476197481155396,0.40476197481155396,-9.516947107277117,reward -0.5 onlyZ nsinus simpleNN,,,,,,,,,,,,
28627d0d-e3c0-4f2a-b0b2-0a8e8be7fbb5,./output/28627d0d-e3c0-4f2a-b0b2-0a8e8be7fbb5_params.csv,./output/28627d0d-e3c0-4f2a-b0b2-0a8e8be7fbb5_QBER.png,./output/28627d0d-e3c0-4f2a-b0b2-0a8e8be7fbb5_rewards.png,2024-07-15 10:23:05.028973,400,0.99,0.005,4,2,0.0,1.0,5,30000,0,100,1,0.001,0.001,0.2,0.1,10.0,SinusoidalControlledFixedEnv,"[True, True, True, True, False, True, True, True, True, True, True, True]","[0, 0, 0, 0]","[3.141592653589793, 0, 0, 0]","[0, 0, 0, 0]",165.40606808662415,0.41351517021656037,-9.243071900085688,reward -0.5 onlyZ nsinus simpleNN,,,,,,,,,,,,
22d8396b-8104-4b9e-b9d5-829ff139d5d8,./output/22d8396b-8104-4b9e-b9d5-829ff139d5d8_params.csv,./output/22d8396b-8104-4b9e-b9d5-829ff139d5d8_QBER.png,./output/22d8396b-8104-4b9e-b9d5-829ff139d5d8_rewards.png,2024-07-15 10:32:52.629166,100,0.99,0.005,4,2,0.0,1.0,5,30000,0,100,1,0.001,0.001,0.5,0.1,10.0,SinusoidalControlledFixedEnv,"[True, True, True, True, False, True, True, True, True, True, True, True]","[0, 0, 0, 0]","[3.141592653589793, 0, 0, 0]","[0, 0, 0, 0]",50.53327536582947,0.5053327536582947,-3.6883491821181407,reward -0.5 onlyZ nsinus no_critic_batch_norm_NN,,,,,,,,,,,,
a8fb19cd-9965-4253-82dd-2bb18bc70d81,./output/a8fb19cd-9965-4253-82dd-2bb18bc70d81_params.csv,./output/a8fb19cd-9965-4253-82dd-2bb18bc70d81_QBER.png,./output/a8fb19cd-9965-4253-82dd-2bb18bc70d81_rewards.png,2024-07-15 10:35:21.354133,100,0.99,0.005,4,2,0.0,1.0,5,30000,0,100,20,0.001,0.002,0.5,0.1,10.0,SinusoidalControlledFixedEnv,"[True, True, True, True, False, True, True, True, True, True, True, True]","[0, 0, 0, 0]","[3.141592653589793, 0, 0, 0]","[0, 0, 0, 0]",10.060950756072998,0.10060950756072998,-0.26221938639174125,reward -0.5 onlyZ nsinus no_critic_batch_norm_NN,,,,,,,,,,,,
127e9d8f-38f5-44c3-bcd5-4a72b93a8e77,./output/127e9d8f-38f5-44c3-bcd5-4a72b93a8e77_params.csv,./output/127e9d8f-38f5-44c3-bcd5-4a72b93a8e77_QBER.png,./output/127e9d8f-38f5-44c3-bcd5-4a72b93a8e77_rewards.png,2024-07-15 10:36:31.184048,100,0.99,0.005,4,2,0.0,1.0,5,30000,0,100,20,0.001,0.002,0.5,0.1,10.0,SinusoidalControlledFixedEnv,"[True, True, True, True, False, True, True, True, True, True, True, True]","[0, 0, 0, 0]","[3.141592653589793, 0, 0, 0]","[0, 0, 0, 0]",9.647311687469482,0.09647311687469483,-0.14041797412699403,reward -0.5 onlyZ nsinus no_critic_batch_norm_NN,,,,,,,,,,,,
761692d0-3311-47ce-867f-d66e37327ff6,./output/761692d0-3311-47ce-867f-d66e37327ff6_params.csv,./output/761692d0-3311-47ce-867f-d66e37327ff6_QBER.png,./output/761692d0-3311-47ce-867f-d66e37327ff6_rewards.png,2024-07-15 10:38:28.293481,1000,0.99,0.005,4,2,0.0,1.0,5,30000,0,100,20,0.001,0.002,0.5,0.1,10.0,SinusoidalControlledFixedEnv,"[True, True, True, True, False, True, True, True, True, True, True, True]","[0, 0, 0, 0]","[3.141592653589793, 0, 0, 0]","[0, 0, 0, 0]",89.51725554466248,0.08951725554466247,-0.7544601531123454,reward -0.5 onlyZ nsinus no_critic_batch_norm_NN,,,,,,,,,,,,
6c7af549-1e4b-4f98-afd3-2abfa01a4704,./output/6c7af549-1e4b-4f98-afd3-2abfa01a4704_params.csv,./output/6c7af549-1e4b-4f98-afd3-2abfa01a4704_QBER.png,./output/6c7af549-1e4b-4f98-afd3-2abfa01a4704_rewards.png,2024-07-15 10:41:02.817922,200,0.99,0.005,4,2,0.0,1.0,5,30000,0,100,20,0.001,0.002,0.5,0.1,10.0,SinusoidalControlledFixedEnv,"[True, True, True, True, False, True, True, True, True, True, True, True]","[0, 0, 0, 0]","[3.141592653589793, 0, 0, 0]","[0, 0, 0, 0]",18.200827836990356,0.09100413918495179,-0.8148600399708108,onlyZ nsinus no_critic_batch_norm_NN,,,,,,,,,,,,
10df990e-a233-4497-9b2e-00e397d047bb,./output/10df990e-a233-4497-9b2e-00e397d047bb_params.csv,./output/10df990e-a233-4497-9b2e-00e397d047bb_QBER.png,./output/10df990e-a233-4497-9b2e-00e397d047bb_rewards.png,2024-07-15 10:42:12.564895,400,0.99,0.005,4,2,0.0,1.0,5,30000,0,100,20,0.001,0.002,0.5,0.1,10.0,SinusoidalControlledFixedEnv,"[True, True, True, True, False, True, True, True, True, True, True, True]","[0, 0, 0, 0]","[3.141592653589793, 0, 0, 0]","[0, 0, 0, 0]",36.31529641151428,0.0907882410287857,-0.6721029193246164,onlyZ nsinus no_critic_batch_norm_NN,,,,,,,,,,,,
e84c5386-5ccc-4404-94d2-a4a8006cb8b3,./output/e84c5386-5ccc-4404-94d2-a4a8006cb8b3_params.csv,./output/e84c5386-5ccc-4404-94d2-a4a8006cb8b3_QBER.png,./output/e84c5386-5ccc-4404-94d2-a4a8006cb8b3_rewards.png,2024-07-15 10:47:52.744289,400,0.99,0.005,4,2,0.0,1.0,5,30000,0,300,20,0.001,0.002,0.5,0.1,30.0,SinusoidalControlledFixedEnv,"[True, True, True, True, False, True, True, True, True, True, True, True]","[0, 0, 0, 0]","[3.141592653589793, 0, 0, 0]","[0, 0, 0, 0]",110.95854783058167,0.27739636957645414,-8.488308675554427,onlyZ nsinus no_critic_batch_norm_NN,,,,,,,,,,,,
067e4cbc-2724-47f4-acd4-e4145aeea38c,./output/067e4cbc-2724-47f4-acd4-e4145aeea38c_params.csv,./output/067e4cbc-2724-47f4-acd4-e4145aeea38c_QBER.png,./output/067e4cbc-2724-47f4-acd4-e4145aeea38c_rewards.png,2024-07-15 10:53:43.067042,800,0.99,0.005,4,2,0.0,1.0,5,30000,0,300,20,0.001,0.002,0.5,0.1,30.0,SinusoidalControlledFixedEnv,"[True, True, True, True, False, True, True, True, True, True, True, True]","[0, 0, 0, 0]","[3.141592653589793, 0, 0, 0]","[0, 0, 0, 0]",219.69816255569458,0.27462270319461823,-8.488308675554427,onlyZ nsinus no_critic_batch_norm_NN,,,,,,,,,,,,
466bad44-4a5c-494a-b191-b1adfc504334,./output/466bad44-4a5c-494a-b191-b1adfc504334_params.csv,./output/466bad44-4a5c-494a-b191-b1adfc504334_QBER.png,./output/466bad44-4a5c-494a-b191-b1adfc504334_rewards.png,2024-07-15 11:02:33.307069,400,0.99,0.005,4,2,0.0,1.0,5,30000,0,300,20,0.001,0.002,0.5,0.1,30.0,SinusoidalControlledFixedEnv,"[True, True, True, True, False, True, True, True, True, True, True, True]","[0, 0, 0, 0]","[3.141592653589793, 0, 0, 0]","[0, 0, 0, 0]",108.24966049194336,0.2706241512298584,-8.488308675554427,onlyZ nsinus no_critic_batch_norm_NN,,,,,,,,,,,,
11bb509e-4f81-412b-8356-4ed00a076ee5,./output/11bb509e-4f81-412b-8356-4ed00a076ee5_params.csv,./output/11bb509e-4f81-412b-8356-4ed00a076ee5_QBER.png,./output/11bb509e-4f81-412b-8356-4ed00a076ee5_rewards.png,2024-07-15 11:04:55.768905,400,0.99,0.005,4,2,0.0,1.0,5,30000,0,300,20,0.001,0.002,1.0,0.1,30.0,SinusoidalControlledFixedEnv,"[True, True, True, True, False, True, True, True, True, True, True, True]","[0, 0, 0, 0]","[3.141592653589793, 0, 0, 0]","[0, 0, 0, 0]",110.54303622245789,0.2763575905561447,-8.488308675554427,onlyZ nsinus no_critic_batch_norm_NN,,,,,,,,,,,,
d235e5b1-82f4-45d0-b5bf-59c754a3d748,./output/d235e5b1-82f4-45d0-b5bf-59c754a3d748_params.csv,./output/d235e5b1-82f4-45d0-b5bf-59c754a3d748_QBER.png,./output/d235e5b1-82f4-45d0-b5bf-59c754a3d748_rewards.png,2024-07-15 11:06:26.563125,400,0.99,0.005,4,2,0.0,1.0,5,30000,0,100,20,0.001,0.002,1.0,0.1,10.0,SinusoidalControlledFixedEnv,"[True, True, True, True, False, True, True, True, True, True, True, True]","[0, 0, 0, 0]","[3.141592653589793, 0, 0, 0]","[0, 0, 0, 0]",36.544426679611206,0.09136106669902802,-2.4305231336382582,onlyZ nsinus no_critic_batch_norm_NN,,,,,,,,,,,,
f06c002a-94d1-4892-9f58-cb69d9221e4b,./output/f06c002a-94d1-4892-9f58-cb69d9221e4b_params.csv,./output/f06c002a-94d1-4892-9f58-cb69d9221e4b_QBER.png,./output/f06c002a-94d1-4892-9f58-cb69d9221e4b_rewards.png,2024-07-15 11:09:29.997997,400,0.99,0.005,4,2,0.0,1.0,5,30000,0,200,20,0.001,0.002,1.0,0.1,20.0,SinusoidalControlledFixedEnv,"[True, True, True, True, False, True, True, True, True, True, True, True]","[0, 0, 0, 0]","[3.141592653589793, 0, 0, 0]","[0, 0, 0, 0]",71.52615141868591,0.17881537854671478,-5.386329669140918,onlyZ nsinus no_critic_batch_norm_NN,,,,,,,,,,,,
b1659439-bd75-4812-882c-2e84f526a516,./output/b1659439-bd75-4812-882c-2e84f526a516_params.csv,./output/b1659439-bd75-4812-882c-2e84f526a516_QBER.png,./output/b1659439-bd75-4812-882c-2e84f526a516_rewards.png,2024-07-15 11:12:25.729926,400,0.99,0.005,4,2,0.0,1.0,5,30000,0,200,20,0.001,0.002,1.0,0.1,20.0,SinusoidalControlledFixedEnv,"[True, True, True, True, False, True, True, True, True, True, True, True]","[0, 0, 0, 0]","[3.141592653589793, 0, 0, 0]","[0, 0, 0, 0]",78.10163831710815,0.1952540957927704,-5.386329669140918,onlyZ nsinus actorNN_with_leakyReLu,,,,,,,,,,,,
42595d15-476f-4e94-bdae-aca3388c4133,./output/42595d15-476f-4e94-bdae-aca3388c4133_params.csv,./output/42595d15-476f-4e94-bdae-aca3388c4133_QBER.png,./output/42595d15-476f-4e94-bdae-aca3388c4133_rewards.png,2024-07-15 11:14:59.315361,400,0.99,0.005,4,2,0.0,1.0,5,30000,0,200,20,0.001,0.002,1.0,0.1,20.0,SinusoidalControlledFixedEnv,"[True, True, True, True, False, True, True, True, True, True, True, True]","[0, 0, 0, 0]","[3.141592653589793, 0, 0, 0]","[0, 0, 0, 0]",77.75901865959167,0.19439754664897918,-2.9131185739639545,onlyZ nsinus actorNN_with_leakyReLu,,,,,,,,,,,,
bc0f85af-18cb-4541-a9f2-3e1d9876634f,./output/bc0f85af-18cb-4541-a9f2-3e1d9876634f_params.csv,./output/bc0f85af-18cb-4541-a9f2-3e1d9876634f_QBER.png,./output/bc0f85af-18cb-4541-a9f2-3e1d9876634f_rewards.png,2024-07-15 11:24:47.389622,400,0.99,0.005,4,2,0.0,1.0,5,30000,0,200,20,0.001,0.002,1.0,0.1,20.0,SinusoidalControlledFixedEnv,"[True, True, True, True, False, True, True, True, True, True, True, True]","[0, 0, 0, 0]","[3.141592653589793, 0, 0, 0]","[0, 0, 0, 0]",78.6701672077179,0.19667541801929475,-2.702923802844799,onlyZ nsinus actorNN_with_leakyReLu,,,,,,,,,,,,
4cbfde87-eb5d-42da-9d4a-716fb5bd03e1,./output/4cbfde87-eb5d-42da-9d4a-716fb5bd03e1_params.csv,./output/4cbfde87-eb5d-42da-9d4a-716fb5bd03e1_QBER.png,./output/4cbfde87-eb5d-42da-9d4a-716fb5bd03e1_rewards.png,2024-07-15 11:27:13.068862,400,0.99,0.005,4,2,0.0,1.0,5,30000,0,200,20,0.001,0.002,1.0,0.1,20.0,SinusoidalControlledFixedEnv,"[True, True, True, True, False, True, True, True, True, True, True, True]","[0, 0, 0, 0]","[3.141592653589793, 0, 0, 0]","[0, 0, 0, 0]",79.2386486530304,0.198096621632576,-4.8242495619036925,onlyZ nsinus actorNN_with_leakyReLu,,,,,,,,,,,,
ad678709-42bb-496b-b46c-d0cc18969e8f,./output/ad678709-42bb-496b-b46c-d0cc18969e8f_params.csv,./output/ad678709-42bb-496b-b46c-d0cc18969e8f_QBER.png,./output/ad678709-42bb-496b-b46c-d0cc18969e8f_rewards.png,2024-07-15 11:33:56.487252,400,0.99,0.005,4,2,0.0,1.0,5,30000,0,200,20,0.001,0.002,1.0,0.1,20.0,SinusoidalControlledFixedEnv,"[True, True, True, True, False, True, True, True, True, True, True, True]","[0, 0, 0, 0]","[3.141592653589793, 0, 0, 0]","[0, 0, 0, 0]",81.65946793556213,0.20414866983890534,-4.8242495619036925,onlyZ nsinus actorNN_with_leakyReLu,,,,,,,,,,,,
c2a4e367-b3d5-4f32-b5a1-76a93bef34c7,./output/c2a4e367-b3d5-4f32-b5a1-76a93bef34c7_params.csv,./output/c2a4e367-b3d5-4f32-b5a1-76a93bef34c7_QBER.png,./output/c2a4e367-b3d5-4f32-b5a1-76a93bef34c7_rewards.png,2024-07-15 11:35:24.708444,400,0.99,0.005,4,2,0.0,1.0,5,30000,0,200,20,0.001,0.002,1.0,0.1,20.0,SinusoidalControlledFixedEnv,"[True, True, True, True, False, True, True, True, True, True, True, True]","[0, 0, 0, 0]","[3.141592653589793, 0, 0, 0]","[0, 0, 0, 0]",74.11648392677307,0.18529120981693267,-4.8242495619036925,onlyZ nsinus actorNN_with_leakyReLu,,,,,,,,,,,,
ff503a09-cf15-4c03-bc9b-aa3fd4ac1a07,./output/ff503a09-cf15-4c03-bc9b-aa3fd4ac1a07_params.csv,./output/ff503a09-cf15-4c03-bc9b-aa3fd4ac1a07_QBER.png,./output/ff503a09-cf15-4c03-bc9b-aa3fd4ac1a07_rewards.png,2024-07-15 11:37:35.601833,400,0.99,0.005,4,2,0.0,1.0,5,30000,0,200,20,0.001,0.002,2.0,0.1,20.0,SinusoidalControlledFixedEnv,"[True, True, True, True, False, True, True, True, True, True, True, True]","[0, 0, 0, 0]","[3.141592653589793, 0, 0, 0]","[0, 0, 0, 0]",74.63131880760193,0.18657829701900483,-4.8242495619036925,onlyZ nsinus actorNN_with_leakyReLu,,,,,,,,,,,,
5bff176e-8812-4153-90e4-db88d0c1976b,./output/5bff176e-8812-4153-90e4-db88d0c1976b_params.csv,./output/5bff176e-8812-4153-90e4-db88d0c1976b_QBER.png,./output/5bff176e-8812-4153-90e4-db88d0c1976b_rewards.png,2024-07-15 11:39:54.864538,400,0.99,0.005,4,2,0.0,1.0,5,30000,0,200,20,0.0001,0.0002,0.5,0.1,20.0,SinusoidalControlledFixedEnv,"[True, True, True, True, False, True, True, True, True, True, True, True]","[0, 0, 0, 0]","[3.141592653589793, 0, 0, 0]","[0, 0, 0, 0]",73.0374538898468,0.182593634724617,-4.8242495619036925,onlyZ nsinus actorNN_with_leakyReLu,,,,,,,,,,,,
2531fb12-7857-4311-9827-8512ad02af92,./output/2531fb12-7857-4311-9827-8512ad02af92_params.csv,./output/2531fb12-7857-4311-9827-8512ad02af92_QBER.png,./output/2531fb12-7857-4311-9827-8512ad02af92_rewards.png,2024-07-15 11:41:57.829895,400,0.99,0.005,4,2,0.0,1.0,5,30000,-0.5,200,20,0.002,0.004,0.5,0.1,20.0,SinusoidalControlledFixedEnv,"[True, True, True, True, False, True, True, True, True, True, True, True]","[0, 0, 0, 0]","[3.141592653589793, 0, 0, 0]","[0, 0, 0, 0]",73.74838733673096,0.1843709683418274,-4.8242495619036925,onlyZ nsinus actorNN_with_leakyReLu,,,,,,,,,,,,
5deb9f25-68c2-447d-a2bf-7751f4d76453,./output/5deb9f25-68c2-447d-a2bf-7751f4d76453_params.csv,./output/5deb9f25-68c2-447d-a2bf-7751f4d76453_QBER.png,./output/5deb9f25-68c2-447d-a2bf-7751f4d76453_rewards.png,2024-07-15 12:21:14.063048,400,0.99,0.005,4,2,0.0,1.0,5,30000,-0.5,200,20,0.002,0.004,0.5,0.1,20.0,SinusoidalControlledFixedEnv,"[True, True, True, True, False, True, True, True, True, True, True, True]","[0, 0, 0, 0]","[3.141592653589793, 0, 0, 0]","[0, 0, 0, 0]",75.07482624053955,0.18768706560134887,-4.8242495619036925,onlyZ nsinus actorNN_with_leakyReLu,,,,,,,,,,,,
ff8c4d23-88b5-4c96-ba06-4e71ff32bd47,./output/ff8c4d23-88b5-4c96-ba06-4e71ff32bd47_params.csv,./output/ff8c4d23-88b5-4c96-ba06-4e71ff32bd47_QBER.png,./output/ff8c4d23-88b5-4c96-ba06-4e71ff32bd47_rewards.png,2024-07-15 12:25:02.616297,400,0.99,0.005,8,2,0.0,1.0,5,30000,-0.5,200,20,0.002,0.004,0.5,0.1,20.0,SinusoidalControlledFixedEnv,"[True, True, True, True, False, False, True, True, True, True, True, True]","[0, 0, 0, 0]","[3.141592653589793, 0, 0, 0]","[0, 0, 0, 0]",77.70203280448914,0.19425508201122285,-9.648499123807387,onlyZ nsinus actorNN_with_leakyReLu,,,,,,,,,,,,
1170b17f-44f7-4df3-b5aa-24053ecc2d73,./output/1170b17f-44f7-4df3-b5aa-24053ecc2d73_params.csv,./output/1170b17f-44f7-4df3-b5aa-24053ecc2d73_QBER.png,./output/1170b17f-44f7-4df3-b5aa-24053ecc2d73_rewards.png,2024-07-15 12:51:37.797941,200,0.99,0.005,8,2,0.0,1.0,5,30000,-0.5,200,20,0.001,0.002,0.5,0.1,20.0,SinusoidalControlledFixedEnv,"[True, True, True, True, False, False, True, True, True, True, True, True]","[0, 0, 0, 0]","[3.141592653589793, 0, 0, 0]","[0, 0, 0, 0]",38.19359827041626,0.1909679913520813,-5.533426530710755,onlyZ nsinus actorNN_with_leakyReLu,,,,,,,,,,,,
bfffa355-7fd7-4f60-b38a-7d90b9c3f042,./output/bfffa355-7fd7-4f60-b38a-7d90b9c3f042_params.csv,./output/bfffa355-7fd7-4f60-b38a-7d90b9c3f042_QBER.png,./output/bfffa355-7fd7-4f60-b38a-7d90b9c3f042_rewards.png,2024-07-15 13:47:22.699806,200,0.99,0.005,8,2,0.0,1.0,5,30000,-0.5,200,1,0.001,0.001,0.5,0.1,20.0,SinusoidalControlledFixedEnv,"[True, True, True, True, False, False, True, True, True, True, True, True]","[0, 0, 0, 0]","[3.141592653589793, 0, 0, 0]","[0, 0, 0, 0]",214.90761470794678,1.0745380735397339,-72.71999999999996,onlyZ nsinus actorNN_with_leakyReLu,,,,,,,,,,,,
725ed33b-33fb-4a5a-acdc-af2da388395e,./output/725ed33b-33fb-4a5a-acdc-af2da388395e_params.csv,./output/725ed33b-33fb-4a5a-acdc-af2da388395e_QBER.png,./output/725ed33b-33fb-4a5a-acdc-af2da388395e_rewards.png,2024-07-16 07:47:37.953702,200,0.99,0.005,8,2,0.0,1.0,5,30000,-0.5,200,20,0.001,0.001,0.5,0.1,20.0,SinusoidalControlledFixedEnv,"[True, True, True, True, False, False, True, True, True, True, True, True]","[0, 0, 0, 0]","[3.141592653589793, 0, 0, 0]","[0, 0, 0, 0]",40.36825680732727,0.20184128403663634,-5.540000000000001,onlyZ nsinus actorNN_with_leakyReLu,,,,,,,,,,,,
7c508c31-2a65-4e40-8751-b84221121a94,./output/7c508c31-2a65-4e40-8751-b84221121a94_params.csv,./output/7c508c31-2a65-4e40-8751-b84221121a94_QBER.png,./output/7c508c31-2a65-4e40-8751-b84221121a94_rewards.png,2024-07-16 09:20:53.394656,200,0.99,0.005,4,2,0.0,1.0,5,30000,-0.5,200,20,0.001,0.001,0.5,0.1,20.0,SinusoidalControlledFixedEnv,"[True, True, True, True, False, True, True, True, True, True, True, True]","[0, 0, 0, 0]","[3.141592653589793, 0, 0, 0]","[0, 0, 0, 0]",46.71841311454773,0.23359206557273865,-4.5,nsinus actorNN_with_leakyReLu latency_state_hist,,,,,,,,,,,,
ea7c2851-2a4b-4def-bfa7-50adeaa2db92,./output/ea7c2851-2a4b-4def-bfa7-50adeaa2db92_params.csv,./output/ea7c2851-2a4b-4def-bfa7-50adeaa2db92_QBER.png,./output/ea7c2851-2a4b-4def-bfa7-50adeaa2db92_rewards.png,2024-07-16 09:23:15.293953,200,0.99,0.005,4,2,0.0,1.0,5,30000,-0.5,200,20,0.001,0.001,0.5,0.1,20.0,SinusoidalControlledFixedEnv,"[True, True, True, True, False, True, True, True, True, True, True, True]","[0, 0, 0, 0]","[3.141592653589793, 0, 0, 0]","[0, 0, 0, 0]",1.2478382587432861,1.2478382587432861,3.5,nsinus actorNN_with_leakyReLu latency_state_hist reward_qber_mult,,,,,,,,,,,,
5b682582-18f9-4d7b-bc76-908476828e6b,./output/5b682582-18f9-4d7b-bc76-908476828e6b_params.csv,./output/5b682582-18f9-4d7b-bc76-908476828e6b_QBER.png,./output/5b682582-18f9-4d7b-bc76-908476828e6b_rewards.png,2024-07-16 09:24:44.536025,200,0.99,0.005,4,2,0.0,1.0,5,30000,200,200,20,0.001,0.001,0.5,0.1,20.0,SinusoidalControlledFixedEnv,"[True, True, True, True, False, True, True, True, True, True, True, True]","[0, 0, 0, 0]","[3.141592653589793, 0, 0, 0]","[0, 0, 0, 0]",45.69225215911865,0.22846126079559326,3.5,nsinus actorNN_with_leakyReLu latency_state_hist reward_qber_mult,,,,,,,,,,,,
22287c20-b5c3-4b9c-8c04-1a88f406b46b,./output/22287c20-b5c3-4b9c-8c04-1a88f406b46b_params.csv,./output/22287c20-b5c3-4b9c-8c04-1a88f406b46b_QBER.png,./output/22287c20-b5c3-4b9c-8c04-1a88f406b46b_rewards.png,2024-07-16 09:25:51.607892,200,0.99,0.005,8,2,0.0,1.0,5,30000,200,200,20,0.001,0.002,0.5,0.1,20.0,SinusoidalControlledFixedEnv,"[True, True, True, True, False, False, True, True, True, True, True, True]","[0, 0, 0, 0]","[3.141592653589793, 0, 0, 0]","[0, 0, 0, 0]",38.91172647476196,0.19455863237380983,3.1856,onlyZ nsinus actorNN_with_leakyReLu reward_qber_mult,,,,,,,,,,,,
3abeba99-8619-4afd-a6d3-ca72b5970c62,./output/3abeba99-8619-4afd-a6d3-ca72b5970c62_params.csv,./output/3abeba99-8619-4afd-a6d3-ca72b5970c62_QBER.png,./output/3abeba99-8619-4afd-a6d3-ca72b5970c62_rewards.png,2024-07-16 09:26:49.810106,200,0.99,0.005,8,2,0.0,1.0,5,30000,200,200,20,0.001,0.002,0.5,0.1,20.0,SinusoidalControlledFixedEnv,"[True, True, True, True, False, True, True, True, True, True, True, True]","[0, 0, 0, 0]","[3.141592653589793, 0, 0, 0]","[0, 0, 0, 0]",36.48080778121948,0.1824040389060974,3.5,onlyZ nsinus actorNN_with_leakyReLu reward_qber_mult,,,,,,,,,,,,
9d658887-7bf0-4dc3-aac0-20ef8a18224e,./output/9d658887-7bf0-4dc3-aac0-20ef8a18224e_params.csv,./output/9d658887-7bf0-4dc3-aac0-20ef8a18224e_QBER.png,./output/9d658887-7bf0-4dc3-aac0-20ef8a18224e_rewards.png,2024-07-16 09:28:46.351301,200,0.99,0.005,4,2,0.0,1.0,5,30000,200,200,20,0.001,0.002,0.5,0.1,20.0,SinusoidalControlledFixedEnv,"[True, True, True, True, False, True, True, True, True, True, True, True]","[0, 0, 0, 0]","[3.141592653589793, 0, 0, 0]","[0, 0, 0, 0]",36.74533534049988,0.1837266767024994,3.5,onlyZ nsinus actorNN_with_leakyReLu reward_qber_mult,,,,,,,,,,,,
e649c30d-e0a0-4d17-91c1-6fd23e90dbb6,./output/e649c30d-e0a0-4d17-91c1-6fd23e90dbb6_params.csv,./output/e649c30d-e0a0-4d17-91c1-6fd23e90dbb6_QBER.png,./output/e649c30d-e0a0-4d17-91c1-6fd23e90dbb6_rewards.png,2024-07-16 09:35:10.839821,200,0.99,0.005,4,2,0.0,1.0,5,30000,0,200,20,0.001,0.002,0.5,0.1,20.0,SinusoidalControlledFixedEnv,"[True, True, True, True, False, True, True, True, True, True, True, True]","[0, 0, 0, 0]","[3.141592653589793, 0, 0, 0]","[0, 0, 0, 0]",35.24957275390625,0.17624786376953125,-4.499172479665966,onlyZ nsinus actorNN_with_leakyReLu reward_qber_mult,,,,,,,,,,,,
7166fcb3-7ee1-49c1-ba4b-bb66b5de3796,./output/7166fcb3-7ee1-49c1-ba4b-bb66b5de3796_params.csv,./output/7166fcb3-7ee1-49c1-ba4b-bb66b5de3796_QBER.png,./output/7166fcb3-7ee1-49c1-ba4b-bb66b5de3796_rewards.png,2024-07-16 09:36:56.968384,400,0.99,0.005,4,2,0.0,1.0,5,30000,0,200,20,0.001,0.002,1.0,0.1,20.0,SinusoidalControlledFixedEnv,"[True, True, True, True, False, True, True, True, True, True, True, True]","[0, 0, 0, 0]","[3.141592653589793, 0, 0, 0]","[0, 0, 0, 0]",69.30569887161255,0.17326424717903138,-4.499172479665966,onlyZ nsinus actorNN_with_leakyReLu reward_qber_mult,,,,,,,,,,,,
e859e62c-2df3-4d86-a402-1a68a60dfdd7,./output/e859e62c-2df3-4d86-a402-1a68a60dfdd7_params.csv,./output/e859e62c-2df3-4d86-a402-1a68a60dfdd7_QBER.png,./output/e859e62c-2df3-4d86-a402-1a68a60dfdd7_rewards.png,2024-07-16 09:40:41.604474,400,0.99,0.005,4,2,0.0,1.0,5,30000,0,1000,200,0.001,0.002,1.0,0.1,100.0,SinusoidalControlledFixedEnv,"[True, True, True, True, False, True, True, True, True, True, True, True]","[0, 0, 0, 0]","[3.141592653589793, 0, 0, 0]","[0, 0, 0, 0]",189.81096601486206,0.4745274150371552,-2.0618729084371683,onlyZ nsinus actorNN_with_leakyReLu reward_qber_mult,,,,,,,,,,,,
71d56dba-3068-4972-905a-09835a0dc28d,./output/71d56dba-3068-4972-905a-09835a0dc28d_params.csv,./output/71d56dba-3068-4972-905a-09835a0dc28d_QBER.png,./output/71d56dba-3068-4972-905a-09835a0dc28d_rewards.png,2024-07-16 09:46:02.358495,400,0.99,0.005,4,2,-1.0,1.0,5,30000,0,1000,200,0.001,0.002,0.5,0.1,100.0,SinusoidalControlledFixedEnv,"[True, True, True, True, False, True, True, True, True, True, True, True]","[0, 0, 0, 0]","[3.141592653589793, 0, 0, 0]","[0, 0, 0, 0]",188.26662802696228,0.4706665700674057,-2.0618729084371683,onlyZ nsinus actorNN_with_leakyReLu,,,,,,,,,,,,
7a14eae6-062c-4df5-89d4-1e62ca28fcb5,./output/7a14eae6-062c-4df5-89d4-1e62ca28fcb5_params.csv,./output/7a14eae6-062c-4df5-89d4-1e62ca28fcb5_QBER.png,./output/7a14eae6-062c-4df5-89d4-1e62ca28fcb5_rewards.png,2024-07-16 09:50:50.676122,400,0.99,0.005,4,2,-1.0,1.0,5,30000,0,1000,200,0.001,0.002,0.4,0.1,100.0,SinusoidalControlledFixedEnv,"[True, True, True, True, False, True, True, True, True, True, True, True]","[0, 0, 0, 0]","[3.141592653589793, 0, 0, 0]","[0, 0, 0, 0]",215.9185767173767,0.5397964417934418,-2.0618729084371683,onlyZ nsinus actorNN_with_leakyReLu,,,,,,,,,,,,
6be42b76-8ae9-459f-a594-f421ff2d8aca,./output/6be42b76-8ae9-459f-a594-f421ff2d8aca_params.csv,./output/6be42b76-8ae9-459f-a594-f421ff2d8aca_QBER.png,./output/6be42b76-8ae9-459f-a594-f421ff2d8aca_rewards.png,2024-07-16 10:16:42.260386,100,0.99,0.005,1,2,-3.141592653589793,3.141592653589793,5,30000,0,1440,100,0.001,0.002,0.4,1,1440,SimpleControlledFixedEnv,"[True, True, True, True, False, True, True, True, True, True, True, True]","[0, 0, 0, 0]","[3.141592653589793, 0, 0, 0]","[0, 0, 0, 0]",89.10278630256653,0.8910278630256653,-148.74116143088958,onlyZ new ladybug,,,,,,,,,,,,
a229ba08-4038-4d7b-969a-8a6a5b8c37f5,./output/a229ba08-4038-4d7b-969a-8a6a5b8c37f5_params.csv,./output/a229ba08-4038-4d7b-969a-8a6a5b8c37f5_QBER.png,./output/a229ba08-4038-4d7b-969a-8a6a5b8c37f5_rewards.png,2024-07-16 10:18:13.392268,20,0.99,0.005,2,2,-3.141592653589793,3.141592653589793,5,30000,0,1440,100,0.001,0.002,0.4,1,1440,SimpleControlledFixedEnv,"[True, True, True, True, False, False, True, True, True, True, True, True]","[0, 0, 0, 0]","[3.141592653589793, 0, 0, 0]","[0, 0, 0, 0]",20.10844659805298,1.005422329902649,-298.983679170172,onlyZ new ladybug,,,,,,,,,,,,
0c395bb2-de89-4e85-8825-c015ebef5eed,./output/0c395bb2-de89-4e85-8825-c015ebef5eed_params.csv,./output/0c395bb2-de89-4e85-8825-c015ebef5eed_QBER.png,./output/0c395bb2-de89-4e85-8825-c015ebef5eed_rewards.png,2024-07-16 10:19:04.418510,20,0.99,0.005,2,2,-3.141592653589793,3.141592653589793,5,30000,0,1440,200,0.001,0.002,0.4,1,1440,SimpleControlledFixedEnv,"[True, True, True, True, False, False, True, True, True, True, True, True]","[0, 0, 0, 0]","[3.141592653589793, 0, 0, 0]","[0, 0, 0, 0]",16.01364493370056,0.8006822466850281,-293.4207640327034,onlyZ new ladybug,,,,,,,,,,,,
2eff319b-832f-40e9-8235-235ddaf645d9,./output/2eff319b-832f-40e9-8235-235ddaf645d9_params.csv,./output/2eff319b-832f-40e9-8235-235ddaf645d9_QBER.png,./output/2eff319b-832f-40e9-8235-235ddaf645d9_rewards.png,2024-07-16 10:21:05.991464,30,0.99,0.005,4,2,-3.141592653589793,3.141592653589793,5,30000,0,1440,200,0.001,0.002,0.4,1,1440,SimpleControlledFixedEnv,"[True, True, True, True, False, False, False, False, True, True, True, True]","[0, 0, 0, 0]","[3.141592653589793, 0, 0, 0]","[0, 0, 0, 0]",25.659399032592773,0.8553133010864258,-829.0726095740312,onlyZ new ladybug,,,,,,,,,,,,
db1df290-d937-469f-896b-390b0c7c060c,./output/db1df290-d937-469f-896b-390b0c7c060c_params.csv,./output/db1df290-d937-469f-896b-390b0c7c060c_QBER.png,./output/db1df290-d937-469f-896b-390b0c7c060c_rewards.png,2024-07-16 10:22:37.236699,30,0.99,0.005,12,2,-3.141592653589793,3.141592653589793,5,30000,0,1440,200,0.001,0.002,0.4,1,1440,SimpleControlledFixedEnv,[False False False False False False False False False False False False],"[0, 0, 0, 0]","[3.141592653589793, 0, 0, 0]","[0, 0, 0, 0]",26.483933210372925,0.8827977736790975,-566.419971612185,new ladybug,,,,,,,,,,,,
7c0903a8-b6e3-41e7-8419-dc800f7d0ef4,./output/7c0903a8-b6e3-41e7-8419-dc800f7d0ef4_params.csv,./output/7c0903a8-b6e3-41e7-8419-dc800f7d0ef4_QBER.png,./output/7c0903a8-b6e3-41e7-8419-dc800f7d0ef4_rewards.png,2024-07-16 10:23:54.265581,30,0.99,0.005,4,2,-3.141592653589793,3.141592653589793,5,30000,0,1440,100,0.001,0.002,0.4,1,1440,SimpleControlledFixedEnv,[False False False False False False False False False False False False],"[0, 0, 0, 0]","[3.141592653589793, 0, 0, 0]","[0, 0, 0, 0]",30.06048822402954,1.002016274134318,-596.0487759839398,new ladybug,,,,,,,,,,,,
63ea6814-f21d-4368-a17b-df3001f5ea36,./output/63ea6814-f21d-4368-a17b-df3001f5ea36_params.csv,./output/63ea6814-f21d-4368-a17b-df3001f5ea36_QBER.png,./output/63ea6814-f21d-4368-a17b-df3001f5ea36_rewards.png,2024-07-16 10:27:02.166240,30,0.99,0.005,12,2,-3.141592653589793,3.141592653589793,5,30000,0,1440,100,0.001,0.002,0.4,1,1440,SimpleControlledFixedEnv,[False False False False False False False False False False False False],"[0, 0, 0, 0]","[3.141592653589793, 0, 0, 0]","[0, 0, 0, 0]",28.570842266082764,0.9523614088694254,-594.4732631100146,new ladybug,,,,,,,,,,,,
f9eb8a18-2610-4326-9ae6-42022b1a375d,./output/f9eb8a18-2610-4326-9ae6-42022b1a375d_params.csv,./output/f9eb8a18-2610-4326-9ae6-42022b1a375d_QBER.png,./output/f9eb8a18-2610-4326-9ae6-42022b1a375d_rewards.png,2024-07-16 10:29:00.419096,100,0.99,0.005,12,2,-3.141592653589793,3.141592653589793,5,30000,0,1440,100,0.001,0.002,0.6,1,1440,SimpleControlledFixedEnv,[False False False False False False False False False False False False],"[0, 0, 0, 0]","[3.141592653589793, 0, 0, 0]","[0, 0, 0, 0]",90.41650152206421,0.9041650152206421,-592.9865185626429,new ladybug,,,,,,,,,,,,
e7d66f1b-c11b-41de-922c-be013b30640f,./output/e7d66f1b-c11b-41de-922c-be013b30640f_params.csv,./output/e7d66f1b-c11b-41de-922c-be013b30640f_QBER.png,./output/e7d66f1b-c11b-41de-922c-be013b30640f_rewards.png,2024-07-16 11:27:18.728733,100,0.99,0.005,4,4,-3.141592653589793,3.141592653589793,5,30000,0,1440,100,0.001,0.002,0.6,1,1440,SimpleControlledFixedEnv,"[True, True, True, True, False, False, False, False, True, True, True, True]","[0, 0, 0, 0]","[3.141592653589793, 0, 0, 0]","[0, 0, 0, 0]",88.15391445159912,0.8815391445159912,-841.5986258187467,new ladybug,,,,,,,,,,,,
3e57d6b3-9d73-4077-b715-e0d136021033,./output/3e57d6b3-9d73-4077-b715-e0d136021033_params.csv,./output/3e57d6b3-9d73-4077-b715-e0d136021033_QBER.png,./output/3e57d6b3-9d73-4077-b715-e0d136021033_rewards.png,2024-07-16 11:30:33.473184,100,0.99,0.005,4,4,-3.141592653589793,3.141592653589793,5,30000,0,1440,100,0.0001,0.002,0.4,1,1440,SimpleControlledFixedEnv,"[True, True, True, True, False, False, False, False, True, True, True, True]","[0, 0, 0, 0]","[3.141592653589793, 0, 0, 0]","[0, 0, 0, 0]",84.2097532749176,0.842097532749176,-841.657569629197,new ladybug,,,,,,,,,,,,
c2512158-2496-48dd-880a-6c60f87cc1bf,./output/c2512158-2496-48dd-880a-6c60f87cc1bf_params.csv,./output/c2512158-2496-48dd-880a-6c60f87cc1bf_QBER.png,./output/c2512158-2496-48dd-880a-6c60f87cc1bf_rewards.png,2024-07-16 11:32:32.351626,100,0.99,0.005,4,4,-3.141592653589793,3.141592653589793,5,30000,0,1440,100,0.0001,0.002,0.2,1,1440,SimpleControlledFixedEnv,"[True, True, True, True, False, False, False, False, True, True, True, True]","[0, 0, 0, 0]","[3.141592653589793, 0, 0, 0]","[0, 0, 0, 0]",87.64895725250244,0.8764895725250245,-843.6131558426754,new ladybug,,,,,,,,,,,,
6e6e46dc-bc4a-4570-b743-5b5298839497,./output/6e6e46dc-bc4a-4570-b743-5b5298839497_params.csv,./output/6e6e46dc-bc4a-4570-b743-5b5298839497_QBER.png,./output/6e6e46dc-bc4a-4570-b743-5b5298839497_rewards.png,2024-07-16 11:35:50.578298,100,0.99,0.005,4,4,-3.141592653589793,3.141592653589793,5,30000,0,1440,100,0.0001,0.01,0.2,1,1440,SimpleControlledFixedEnv,"[True, True, True, True, False, False, False, False, True, True, True, True]","[0, 0, 0, 0]","[3.141592653589793, 0, 0, 0]","[0, 0, 0, 0]",89.59113216400146,0.8959113216400146,-841.8619504765414,new ladybug,,,,,,,,,,,,
06e87c40-7f98-4fc8-9d9a-bdb28d55ef6c,./output/06e87c40-7f98-4fc8-9d9a-bdb28d55ef6c_params.csv,./output/06e87c40-7f98-4fc8-9d9a-bdb28d55ef6c_QBER.png,./output/06e87c40-7f98-4fc8-9d9a-bdb28d55ef6c_rewards.png,2024-07-16 11:41:15.931459,40,0.99,0.005,2,4,-3.141592653589793,3.141592653589793,5,30000,0,1440,100,0.001,0.002,0.4,1,1440,SimpleControlledFixedEnv,"[True, True, True, True, False, False, False, False, True, True, True, True]","[0, 0, 0, 0]","[3.141592653589793, 0, 0, 0]","[0, 0, 0, 0]",35.667048931121826,0.8916762232780456,-841.9381575370203,new ladybug,,,,,,,,,,,,
19fdf7ac-3a06-4f0e-9d8b-cacf9373b75e,./output/19fdf7ac-3a06-4f0e-9d8b-cacf9373b75e_params.csv,./output/19fdf7ac-3a06-4f0e-9d8b-cacf9373b75e_QBER.png,./output/19fdf7ac-3a06-4f0e-9d8b-cacf9373b75e_rewards.png,2024-07-16 11:52:39.971512,40,0.99,0.005,2,4,-3.141592653589793,0,5,30000,0,1440,100,0.001,0.002,0.4,1,1440,SimpleControlledFixedEnv,"[True, True, True, True, False, False, True, True, True, True, True, True]","[0, 0, 0, 0]","[3.141592653589793, 0, 0, 0]","[0, 0, 0, 0]",36.63917946815491,0.9159794867038726,-297.55520464674066,new ladybug,,,,,,,,,,,,
e9b78282-e27a-4060-991f-b931a2fe59e5,./output/e9b78282-e27a-4060-991f-b931a2fe59e5_params.csv,./output/e9b78282-e27a-4060-991f-b931a2fe59e5_QBER.png,./output/e9b78282-e27a-4060-991f-b931a2fe59e5_rewards.png,2024-07-16 11:54:31.399203,40,0.99,0.005,2,4,-3.141592653589793,0,5,30000,0,1440,100,0.001,0.002,0.1,1,1440,SimpleControlledFixedEnv,"[True, True, True, True, False, False, True, True, True, True, True, True]","[0, 0, 0, 0]","[3.141592653589793, 0, 0, 0]","[0, 0, 0, 0]",35.397300720214844,0.8849325180053711,-297.3572121616672,new ladybug,,,,,,,,,,,,
f0a5c6c9-f886-40f2-948c-3271ef08346a,./output/f0a5c6c9-f886-40f2-948c-3271ef08346a_params.csv,./output/f0a5c6c9-f886-40f2-948c-3271ef08346a_QBER.png,./output/f0a5c6c9-f886-40f2-948c-3271ef08346a_rewards.png,2024-07-16 11:59:18.472636,40,0.99,0.005,2,4,-3.141592653589793,0,5,30000,0,1440,100,0.001,0.002,0.6,2,2880,SimpleControlledFixedEnv,"[True, True, True, True, False, False, True, True, True, True, True, True]","[0, 0, 0, 0]","[3.141592653589793, 0, 0, 0]","[0, 0, 0, 0]",37.448567628860474,0.9362141907215118,-365.8275956356781,new ladybug,,,,,,,,,,,,
c25bc05f-50a8-4bb6-ab0a-a63c56ef8cc5,./output/c25bc05f-50a8-4bb6-ab0a-a63c56ef8cc5_params.csv,./output/c25bc05f-50a8-4bb6-ab0a-a63c56ef8cc5_QBER.png,./output/c25bc05f-50a8-4bb6-ab0a-a63c56ef8cc5_rewards.png,2024-07-16 12:01:13.151682,40,0.99,0.005,2,4,-3.141592653589793,0,5,30000,0,1440,100,0.0001,0.002,2.0,2,2880,SimpleControlledFixedEnv,"[True, True, True, True, False, False, True, True, True, True, True, True]","[0, 0, 0, 0]","[3.141592653589793, 0, 0, 0]","[0, 0, 0, 0]",34.64151573181152,0.8660378932952881,-365.79717891105463,new ladybug,,,,,,,,,,,,
92448ed1-90ce-4375-8c25-12d443a84ff2,./output/92448ed1-90ce-4375-8c25-12d443a84ff2_params.csv,./output/92448ed1-90ce-4375-8c25-12d443a84ff2_QBER.png,./output/92448ed1-90ce-4375-8c25-12d443a84ff2_rewards.png,2024-07-16 12:02:10.877773,40,0.99,0.005,2,4,-3.141592653589793,0,5,30000,0,1440,100,0.0001,0.002,1.0,2,2880,SimpleControlledFixedEnv,"[True, True, True, True, False, False, True, True, True, True, True, True]","[0, 0, 0, 0]","[3.141592653589793, 0, 0, 0]","[0, 0, 0, 0]",36.310383558273315,0.9077595889568328,-365.7683054965514,new ladybug,,,,,,,,,,,,
e64efd9d-6bdb-4d23-9a78-741c2f3d20ef,./output/e64efd9d-6bdb-4d23-9a78-741c2f3d20ef_params.csv,./output/e64efd9d-6bdb-4d23-9a78-741c2f3d20ef_QBER.png,./output/e64efd9d-6bdb-4d23-9a78-741c2f3d20ef_rewards.png,2024-07-16 12:18:00.473516,40,0.99,0.005,2,200,-3.141592653589793,0,5,30000,0,1440,100,0.0001,0.002,1.0,2,2880,SimpleControlledFixedEnv,"[True, True, True, True, False, False, True, True, True, True, True, True]","[0, 0, 0, 0]","[3.141592653589793, 0, 0, 0]","[0, 0, 0, 0]",37.4055871963501,0.9351396799087525,-365.7196872903952,new ladybug,,,,,,,,,,,,
e87ca256-5f08-4ba4-b245-ab3453878739,./output/e87ca256-5f08-4ba4-b245-ab3453878739_params.csv,./output/e87ca256-5f08-4ba4-b245-ab3453878739_QBER.png,./output/e87ca256-5f08-4ba4-b245-ab3453878739_rewards.png,2024-07-16 12:37:54.422866,400,0.99,0.005,4,2,-1.0,1.0,5,30000,0,1000,200,0.001,0.002,0.4,0.1,100.0,SinusoidalControlledFixedEnv,"[True, True, True, True, False, True, True, True, True, True, True, True]","[0, 0, 0, 0]","[3.141592653589793, 0, 0, 0]","[0, 0, 0, 0]",212.35717940330505,0.5308929485082626,-343.2082766328092,onlyZ nsinus actorNN_with_leakyReLu,,,,,,,,,,,,
854b0c6f-d631-4b23-abe2-13da819dfe48,./output/854b0c6f-d631-4b23-abe2-13da819dfe48_params.csv,./output/854b0c6f-d631-4b23-abe2-13da819dfe48_QBER.png,./output/854b0c6f-d631-4b23-abe2-13da819dfe48_rewards.png,2024-07-16 12:53:45.164067,40,0.99,0.005,2,200,-3.141592653589793,0,5,30000,0,100,100,0.0001,0.002,1.0,0.1,10.0,SimpleControlledFixedEnv,"[True, True, True, True, False, False, True, True, True, True, True, True]","[0, 0, 0, 0]","[3.141592653589793, 0, 0, 0]","[0, 0, 0, 0]",0.0868692398071289,0.0868692398071289,0,new ladybug,,,,,,,,,,,,
10dfeaba-34ef-4f47-8768-b1e6ce5e12ee,./output/10dfeaba-34ef-4f47-8768-b1e6ce5e12ee_params.csv,./output/10dfeaba-34ef-4f47-8768-b1e6ce5e12ee_QBER.png,./output/10dfeaba-34ef-4f47-8768-b1e6ce5e12ee_rewards.png,2024-07-16 12:53:55.485462,40,0.99,0.005,2,200,-3.141592653589793,0,5,30000,0,100,100,0.0001,0.002,1.0,0.1,10.0,SimpleControlledFixedEnv,"[True, True, True, True, False, False, True, True, True, True, True, True]","[0, 0, 0, 0]","[3.141592653589793, 0, 0, 0]","[0, 0, 0, 0]",0.09264421463012695,0.09264421463012695,0,new ladybug,,,,,,,,,,,,
95d42aaa-31e7-4461-b57e-4316f303cb26,./output/95d42aaa-31e7-4461-b57e-4316f303cb26_params.csv,./output/95d42aaa-31e7-4461-b57e-4316f303cb26_QBER.png,./output/95d42aaa-31e7-4461-b57e-4316f303cb26_rewards.png,2024-07-16 13:00:59.996006,40,0.99,0.005,2,200,-3.141592653589793,0,5,30000,0,1000,100,0.0001,0.002,1.0,0.01,10.0,SimpleControlledFixedEnv,"[True, True, True, True, False, False, True, True, True, True, True, True]","[0, 0, 0, 0]","[3.141592653589793, 0, 0, 0]","[0, 0, 0, 0]",26.26021671295166,0.6565054178237915,-349.43311459856375,new ladybug,,,,,,,,,,,,
9e136e3e-7410-489f-b7c1-58917cec7ec4,./output/9e136e3e-7410-489f-b7c1-58917cec7ec4_params.csv,./output/9e136e3e-7410-489f-b7c1-58917cec7ec4_QBER.png,./output/9e136e3e-7410-489f-b7c1-58917cec7ec4_rewards.png,2024-07-16 13:04:23.319779,40,0.99,0.005,2,200,-3.141592653589793,0,5,30000,0,1000,100,0.0001,0.002,1.0,0.01,10.0,SimpleControlledFixedEnv,"[True, True, True, True, False, False, True, True, True, True, True, True]","[0, 0, 0, 0]","[3.141592653589793, 0, 0, 0]","[0, 0, 0, 0]",26.391961336135864,0.6597990334033966,-549.1410791384534,new ladybug,,,,,,,,,,,,
4725322a-c06c-4f4f-92bd-2e8d477d6ef5,./output/4725322a-c06c-4f4f-92bd-2e8d477d6ef5_params.csv,./output/4725322a-c06c-4f4f-92bd-2e8d477d6ef5_QBER.png,./output/4725322a-c06c-4f4f-92bd-2e8d477d6ef5_rewards.png,2024-07-16 13:08:25.254672,40,0.99,0.005,2,200,-3.141592653589793,0,5,30000,0,1000,100,0.0001,0.002,0.4,0.01,10.0,SimpleControlledFixedEnv,"[True, True, True, True, False, False, True, True, True, True, True, True]","[0, 0, 0, 0]","[3.141592653589793, 0, 0, 0]","[0, 0, 0, 0]",25.63314652442932,0.640828663110733,-568.2066653708068,new ladybug,,,,,,,,,,,,
f208b451-7abb-4f07-97f8-eb8d1ffe259f,./output/f208b451-7abb-4f07-97f8-eb8d1ffe259f_params.csv,./output/f208b451-7abb-4f07-97f8-eb8d1ffe259f_QBER.png,./output/f208b451-7abb-4f07-97f8-eb8d1ffe259f_rewards.png,2024-07-16 13:13:14.567113,40,0.99,0.005,2,100,0,3.141592653589793,5,30000,0,1000,50,0.001,0.002,0.6,0.01,10.0,SimpleControlledFixedEnv,"[True, True, True, True, False, False, True, True, True, True, True, True]","[0, 0, 0, 0]","[3.141592653589793, 0, 0, 0]","[0, 0, 0, 0]",32.67276978492737,0.8168192446231842,-641.3300789892285,new ladybug,,,,,,,,,,,,
e4d35b06-2692-4d44-b9da-f971baaca35a,./output/e4d35b06-2692-4d44-b9da-f971baaca35a_params.csv,./output/e4d35b06-2692-4d44-b9da-f971baaca35a_QBER.png,./output/e4d35b06-2692-4d44-b9da-f971baaca35a_rewards.png,2024-07-16 13:15:03.529703,100,0.99,0.005,2,100,0,3.141592653589793,5,30000,0,1000,50,0.001,0.002,0.6,0.01,10.0,SimpleControlledFixedEnv,"[True, True, True, True, False, False, True, True, True, True, True, True]","[0, 0, 0, 0]","[3.141592653589793, 0, 0, 0]","[0, 0, 0, 0]",72.25630116462708,0.7225630116462708,-641.3300789892285,new ladybug,,,,,,,,,,,,
e9b13862-b6c3-4033-9e03-2f40a612972c,./output/e9b13862-b6c3-4033-9e03-2f40a612972c_params.csv,./output/e9b13862-b6c3-4033-9e03-2f40a612972c_QBERS.png,./output/e9b13862-b6c3-4033-9e03-2f40a612972c_rewards.png,2024-07-17 13:06:24.668035,100,0.99,,1,3,,,,,,100,0,,,,0.1,10.0,SimpleControlledFixedEnv,"[True, True, True, True, False, True, True, True, True, True, True, True]","[0, 0, 0, 0]","[3.141592653589793, 0, 0, 0]","[0, 0, 0, 0]",32.79400944709778,32.79400944709778,-35.374157190964,,PPO with continous action gaussian policy,0.99,"(256, 256)",0.01,80,80,0.0003,0.001,0.1,-6.736721914382378,,
326efb04-ed28-45a4-9ff9-4f576bf75f03,./output/326efb04-ed28-45a4-9ff9-4f576bf75f03_params.csv,./output/326efb04-ed28-45a4-9ff9-4f576bf75f03_QBERS.png,./output/326efb04-ed28-45a4-9ff9-4f576bf75f03_rewards.png,2024-07-17 13:45:04.059796,200,0.99,,2,3,,,,,,100,0,,,,0.1,10.0,SimpleControlledFixedEnv,"[True, True, True, True, False, False, True, True, True, True, True, True]","[0, 0, 0, 0]","[3.141592653589793, 0, 0, 0]","[0, 0, 0, 0]",61.38297772407532,61.38297772407532,-50.93845176557012,,PPO with continous action gaussian policy,0.99,"(256, 256)",0.01,80,80,0.0003,0.001,0.1,-32.96258684720233,,
bd8c86a1-d095-4e01-bf57-140cc17948ba,./output/bd8c86a1-d095-4e01-bf57-140cc17948ba_params.csv,./output/bd8c86a1-d095-4e01-bf57-140cc17948ba_QBERS.png,./output/bd8c86a1-d095-4e01-bf57-140cc17948ba_rewards.png,2024-07-17 13:47:40.910342,200,0.99,,2,3,,,,,,100,0,,,,0.1,10.0,SimpleControlledFixedEnv,"[True, True, True, True, False, False, True, True, True, True, True, True]","[0, 0, 0, 0]","[3.141592653589793, 0, 0, 0]","[0, 0, 0, 0]",88.74925494194031,88.74925494194031,-50.93845176557012,,PPO with continous action gaussian policy,0.99,"(256, 256)",0.01,180,180,0.0003,0.001,0.1,-23.984028755497803,,
0672f94a-98d7-4842-b049-91273f8a828d,./output/0672f94a-98d7-4842-b049-91273f8a828d_params.csv,./output/0672f94a-98d7-4842-b049-91273f8a828d_QBERS.png,./output/0672f94a-98d7-4842-b049-91273f8a828d_rewards.png,2024-07-17 14:02:33.677486,400,0.99,,2,3,,,,,,100,0,,,,0.1,10.0,SimpleControlledFixedEnv,"[True, True, True, True, False, False, True, True, True, True, True, True]","[0, 0, 0, 0]","[3.141592653589793, 0, 0, 0]","[0, 0, 0, 0]",243.3435480594635,243.3435480594635,-50.93845176557012,,PPO with continous action gaussian policy,0.95,"(512, 512)",0.01,180,180,0.0003,0.001,0.1,-66.13758370164942,,
bb67eed3-72af-4364-9067-7b9afc624ff5,./output/bb67eed3-72af-4364-9067-7b9afc624ff5_params.csv,./output/bb67eed3-72af-4364-9067-7b9afc624ff5_QBERS.png,./output/bb67eed3-72af-4364-9067-7b9afc624ff5_rewards.png,2024-07-17 14:06:42.916996,200,0.99,,2,3,,,,,,100,0,,,,0.1,10.0,SimpleControlledFixedEnv,"[True, True, True, True, False, False, True, True, True, True, True, True]","[0, 0, 0, 0]","[3.141592653589793, 0, 0, 0]","[0, 0, 0, 0]",131.33299136161804,131.33299136161804,-69.18653612549967,,PPO with continous action gaussian policy,0.95,"(512, 512)",0.01,180,180,0.0003,0.001,0.1,-23.3558240301363,<environment.models.simple_control_fixed.SimpleControlledFixedEnv object at 0x7f3d8596b520>,
17cedb6e-647a-4e07-bbe2-ef14fd6a0ff1,./output/17cedb6e-647a-4e07-bbe2-ef14fd6a0ff1_params.csv,./output/17cedb6e-647a-4e07-bbe2-ef14fd6a0ff1_QBERS.png,./output/17cedb6e-647a-4e07-bbe2-ef14fd6a0ff1_rewards.png,2024-07-17 14:06:42.916996,200,0.99,,2,3,,,,,,100,0,,,,0.1,10.0,SimpleControlledFixedEnv,"[True, True, True, True, False, False, True, True, True, True, True, True]","[0, 0, 0, 0]","[3.141592653589793, 0, 0, 0]","[0, 0, 0, 0]",131.33299136161804,131.33299136161804,-69.18653612549967,,PPO with continous action gaussian policy,0.95,"(512, 512)",0.01,180,180,0.0003,0.001,0.1,-23.3558240301363,<environment.models.simple_control_fixed.SimpleControlledFixedEnv object at 0x7f3d8596b520>,
6420b88d-9b28-4894-91aa-83d3de95f15d,./output/6420b88d-9b28-4894-91aa-83d3de95f15d_params.csv,./output/6420b88d-9b28-4894-91aa-83d3de95f15d_QBERS.png,./output/6420b88d-9b28-4894-91aa-83d3de95f15d_rewards.png,2024-07-17 14:18:27.885618,200,0.99,,2,3,,,,,,100,0,,,,0.1,10.0,SimpleControlledFixedEnv,"[True, True, True, True, False, False, True, True, True, True, True, True]","[0, 0, 0, 0]","[3.141592653589793, 0, 0, 0]","[0, 0, 0, 0]",91.09587669372559,91.09587669372559,145.550522705516,,PPO with continous action gaussian policy,0.95,"(256, 256)",0.01,180,180,0.0003,0.001,0.3,307.9433902625677,<environment.models.simple_control_fixed.SimpleControlledFixedEnv object at 0x7f5324c84d60>,inverse
b6222175-7812-4504-a36c-f25b5e1c42b8,./output/b6222175-7812-4504-a36c-f25b5e1c42b8_params.csv,./output/b6222175-7812-4504-a36c-f25b5e1c42b8_QBERS.png,./output/b6222175-7812-4504-a36c-f25b5e1c42b8_rewards.png,2024-07-17 14:22:53.829294,100,0.99,,2,3,,,,,,100,0,,,,0.1,10.0,SimpleControlledFixedEnv,"[True, True, True, True, False, False, True, True, True, True, True, True]","[0, 0, 0, 0]","[3.141592653589793, 0, 0, 0]","[0, 0, 0, 0]",49.30319094657898,49.30319094657898,126.94924401304384,,PPO with continous action gaussian policy,0.99,"(256, 256)",0.01,180,180,0.0003,0.001,0.1,143.59454945124722,<environment.models.simple_control_fixed.SimpleControlledFixedEnv object at 0x7f2eeec27820>,inverse
ed8322be-32ee-45fa-8191-48c9d3631720,./output/ed8322be-32ee-45fa-8191-48c9d3631720_params.csv,./output/ed8322be-32ee-45fa-8191-48c9d3631720_QBERS.png,./output/ed8322be-32ee-45fa-8191-48c9d3631720_rewards.png,2024-07-17 14:24:28.584287,100,0.99,,2,3,,,,,,100,0,,,,0.1,10.0,SimpleControlledFixedEnv,"[True, True, True, True, False, False, True, True, True, True, True, True]","[0, 0, 0, 0]","[3.141592653589793, 0, 0, 0]","[0, 0, 0, 0]",49.6569721698761,49.6569721698761,-69.18653612549967,,PPO with continous action gaussian policy,0.99,"(256, 256)",0.01,180,180,0.0003,0.001,0.1,-20.519036199143862,<environment.models.simple_control_fixed.SimpleControlledFixedEnv object at 0x7f81c9db9400>,threshold
98847032-c6e9-4e00-840c-cf1975340088,./output/98847032-c6e9-4e00-840c-cf1975340088_params.csv,./output/98847032-c6e9-4e00-840c-cf1975340088_QBERS.png,./output/98847032-c6e9-4e00-840c-cf1975340088_rewards.png,2024-07-17 15:03:06.617478,150,0.99,,2,3,,,,,,100,0,,,,0.1,10.0,SimpleControlledFixedEnv,"[True, True, True, True, False, True, True, True, True, True, True, True]","[0, 0, 0, 0]","[3.141592653589793, 0, 0, 0]","[0, 0, 0, 0]",80.57202434539795,80.57202434539795,-25.345627705123267,curriculum: restrict QBER to X then Z then both,PPO with continous action gaussian policy,0.99,"(256, 256)",0.01,180,180,0.0003,0.001,0.1,-6.917864260590531,<environment.models.simple_control_fixed.SimpleControlledFixedEnv object at 0x7ff2e4bdb340>,negative
2145817d-9bd6-48d9-9d85-e7a5c50cfc81,./output/2145817d-9bd6-48d9-9d85-e7a5c50cfc81_params.csv,./output/2145817d-9bd6-48d9-9d85-e7a5c50cfc81_QBERS.png,./output/2145817d-9bd6-48d9-9d85-e7a5c50cfc81_rewards.png,2024-07-17 16:23:58.910133,150,0.99,,2,3,,,,,,100,0,,,,0.1,10.0,SimpleControlledFixedEnv,"[True, True, True, True, False, True, True, True, True, True, True, True]","[0, 0, 0, 0]","[3.141592653589793, 0, 0, 0]","[0, 0, 0, 0]",75.54977560043335,75.54977560043335,-25.345627705123267,curriculum: restrict QBER to X then Z then both,PPO with continous action gaussian policy,0.99,"(256, 256)",0.01,180,180,0.0003,0.001,0.1,-3.611108978220701,<environment.models.simple_control_fixed.SimpleControlledFixedEnv object at 0x7f08006ebb80>,negative
d33983e0-3780-41a9-ad98-affb0b8b2155,./output/d33983e0-3780-41a9-ad98-affb0b8b2155_params.csv,./output/d33983e0-3780-41a9-ad98-affb0b8b2155_QBERS.png,./output/d33983e0-3780-41a9-ad98-affb0b8b2155_rewards.png,2024-07-17 16:30:59.199640,150,0.99,,2,3,,,,,,100,0,,,,0.1,10.0,SimpleControlledFixedEnv,"[True, True, True, True, False, False, True, True, True, True, True, True]","[0, 0, 0, 0]","[3.141592653589793, 0, 0, 0]","[0, 0, 0, 0]",72.76456618309021,72.76456618309021,-25.345627705123267,curriculum: restrict QBER to X then Z then both,PPO with continous action gaussian policy,0.99,"(256, 256)",0.01,180,180,0.0003,0.001,0.1,-85.40231707282932,<environment.models.simple_control_fixed.SimpleControlledFixedEnv object at 0x7ff33c112d60>,negative
1d06d7b9-c8e5-4ede-af8e-14e42f846bdc,./output/1d06d7b9-c8e5-4ede-af8e-14e42f846bdc_params.csv,./output/1d06d7b9-c8e5-4ede-af8e-14e42f846bdc_QBERS.png,./output/1d06d7b9-c8e5-4ede-af8e-14e42f846bdc_rewards.png,2024-07-17 16:33:14.202557,150,0.99,,2,3,,,,,,100,0,,,,0.1,10.0,SimpleControlledFixedEnv,"[True, True, True, True, False, True, True, True, True, True, True, True]","[0, 0, 0, 0]","[3.141592653589793, 0, 0, 0]","[0, 0, 0, 0]",73.23860263824463,73.23860263824463,-25.345627705123267,curriculum: restrict QBER to X then Z then both,PPO with continous action gaussian policy,0.99,"(256, 256)",0.01,180,180,0.0003,0.001,0.1,-6.368382275851099,<environment.models.simple_control_fixed.SimpleControlledFixedEnv object at 0x7f28c1f7bb20>,negative
63f5b87b-8b69-4c9f-8476-c2d44cb6a0a1,./output/63f5b87b-8b69-4c9f-8476-c2d44cb6a0a1_params.csv,./output/63f5b87b-8b69-4c9f-8476-c2d44cb6a0a1_QBERS.png,./output/63f5b87b-8b69-4c9f-8476-c2d44cb6a0a1_rewards.png,2024-07-17 16:36:59.510804,150,0.99,,2,2,,,,,,100,0,,,,0.1,10.0,SimpleControlledFixedEnv,"[True, True, True, True, False, True, True, True, True, True, True, True]","[0, 0, 0, 0]","[0, 0, 0, 0]","[0, 0, 0, 0]",70.0245943069458,70.0245943069458,-25.345627705123267,curriculum: restrict QBER to X then Z then both,PPO with continous action gaussian policy,0.99,"(256, 256)",0.01,180,180,0.0003,0.001,0.1,-36.615148325941135,<environment.models.simple_control_fixed.SimpleControlledFixedEnv object at 0x7f17767ffca0>,negative
fb199dba-74ec-49c7-89c2-fe2e4cd0982d,./output/fb199dba-74ec-49c7-89c2-fe2e4cd0982d_params.csv,./output/fb199dba-74ec-49c7-89c2-fe2e4cd0982d_QBERS.png,./output/fb199dba-74ec-49c7-89c2-fe2e4cd0982d_rewards.png,2024-07-17 16:41:38.942196,250,0.99,,2,2,,,,,,100,0,,,,0.1,10.0,SimpleControlledFixedEnv,"[True, True, True, True, False, True, True, True, True, True, True, True]","[0, 0, 0, 0]","[0, 0, 0, 0]","[0, 0, 0, 0]",121.18370032310486,121.18370032310486,-25.345627705123267,curriculum: restrict QBER to X then Z then both,PPO with continous action gaussian policy,0.99,"(256, 256)",0.01,180,180,0.0003,0.001,0.1,-24.590140550534237,<environment.models.simple_control_fixed.SimpleControlledFixedEnv object at 0x7f4028cb7370>,negative
4fab61b3-a5f1-4962-b788-cdc9bfc27ce9,./output/4fab61b3-a5f1-4962-b788-cdc9bfc27ce9_params.csv,./output/4fab61b3-a5f1-4962-b788-cdc9bfc27ce9_QBERS.png,./output/4fab61b3-a5f1-4962-b788-cdc9bfc27ce9_rewards.png,2024-07-17 16:45:11.833853,250,0.99,,2,2,,,,,,100,0,,,,0.1,10.0,SimpleControlledFixedEnv,"[True, True, True, True, False, False, True, True, True, True, True, True]","[0, 0, 0, 0]","[0, 0, 0, 0]","[0, 0, 0, 0]",123.7977921962738,123.7977921962738,-69.18653612549967,curriculum: restrict QBER to X then Z then both,PPO with continous action gaussian policy,0.99,"(256, 256)",0.01,180,180,0.0003,0.001,0.1,-74.74191051096385,<environment.models.simple_control_fixed.SimpleControlledFixedEnv object at 0x7f041409ae20>,negative
b9555f4f-bd2e-4a86-a1a4-b09525c5dae2,./output/b9555f4f-bd2e-4a86-a1a4-b09525c5dae2_params.csv,./output/b9555f4f-bd2e-4a86-a1a4-b09525c5dae2_QBERS.png,./output/b9555f4f-bd2e-4a86-a1a4-b09525c5dae2_rewards.png,2024-07-17 16:57:22.152142,250,0.99,,2,3,,,,,,100,0,,,,0.1,10.0,SimpleControlledFixedEnv,"[True, True, True, True, False, False, True, True, True, True, True, True]","[0, 0, 0, 0]","[0, 0, 0, 0]","[0, 0, 0, 0]",118.85097408294678,118.85097408294678,-69.18653612549967,curriculum: restrict QBER to X then Z then both,PPO with continous action gaussian policy,0.99,"(256, 256)",0.01,180,180,0.0003,0.001,0.1,-27.541794449324943,<environment.models.simple_control_fixed.SimpleControlledFixedEnv object at 0x7fdfcc738cd0>,negative
9cb4836d-fec0-49a6-8db9-1619bb9fe9ea,./output/9cb4836d-fec0-49a6-8db9-1619bb9fe9ea_params.csv,./output/9cb4836d-fec0-49a6-8db9-1619bb9fe9ea_QBERS.png,./output/9cb4836d-fec0-49a6-8db9-1619bb9fe9ea_rewards.png,2024-07-18 09:31:56.030856,300,0.99,,2,3,,,,,,100,0,,,,0.1,10.0,SimpleControlledFixedEnv,"[True, True, True, True, False, False, True, True, True, True, True, True]","[0, 0, 0, 0]","[0, 0, 0, 0]","[0, 0, 0, 0]",128.85022926330566,128.85022926330566,-69.18653612549967,curriculum: restrict QBER to X then Z then both,PPO with continous action gaussian policy,0.99,"(256, 256)",0.01,180,180,0.0003,0.001,0.1,-30.937506130948236,<environment.models.simple_control_fixed.SimpleControlledFixedEnv object at 0x7f1c447dab50>,negative
25430457-ab60-41ca-a798-42f21f18ecf1,./output/25430457-ab60-41ca-a798-42f21f18ecf1_params.csv,./output/25430457-ab60-41ca-a798-42f21f18ecf1_QBERS.png,./output/25430457-ab60-41ca-a798-42f21f18ecf1_rewards.png,2024-07-18 09:38:13.179566,300,0.99,,2,3,,,,,,100,0,,,,0.1,10.0,SimpleControlledFixedEnv,"[True, True, True, True, False, False, True, True, True, True, True, True]","[0, 0, 0, 0]","[0, 0, 0, 0]","[0, 0, 0, 0]",133.89380478858948,133.89380478858948,-25.345627705123267,curriculum: restrict QBER to X then Z then both,PPO with continous action gaussian policy,0.99,"(256, 256)",0.01,180,180,0.0003,0.001,0.1,-31.051422279816165,<environment.models.simple_control_fixed.SimpleControlledFixedEnv object at 0x7f1e139bb5e0>,negative
e3209cb1-65c8-4fc2-bd96-214c84deae2a,./output/e3209cb1-65c8-4fc2-bd96-214c84deae2a_params.csv,./output/e3209cb1-65c8-4fc2-bd96-214c84deae2a_QBERS.png,./output/e3209cb1-65c8-4fc2-bd96-214c84deae2a_rewards.png,2024-07-18 11:11:35.051128,300,0.99,,2,3,,,,,,100,0,,,,0.1,10.0,SimpleControlledFixedEnv,"[True, True, True, True, False, False, True, True, True, True, True, True]","[0, 0, 0, 0]","[0, 0, 0, 0]","[0, 0, 0, 0]",136.33433175086975,136.33433175086975,-25.345627705123267,curriculum: restrict QBER to X then Z then both,PPO with continous action gaussian policy,0.99,"(256, 256)",0.01,180,180,0.0003,0.001,0.1,-24.265173930174416,<environment.models.simple_control_fixed.SimpleControlledFixedEnv object at 0x7f19f990bf10>,negative
e2b51d7e-a213-414a-b174-3d6fde60dac7,./output/e2b51d7e-a213-414a-b174-3d6fde60dac7_params.csv,./output/e2b51d7e-a213-414a-b174-3d6fde60dac7_QBERS.png,./output/e2b51d7e-a213-414a-b174-3d6fde60dac7_rewards.png,2024-07-18 11:57:40.706525,400,0.99,,2,30,,,,,,100,10,,,,0.1,10.0,SimpleControlledFixedEnv,"[True, True, True, True, False, False, True, True, True, True, True, True]","[0, 0, 0, 0]","[0, 0, 0, 0]","[0, 0, 0, 0]",337.64829444885254,28.137357870737713,-62.11419558673205,curriculum: restrict QBER to X then Z then both,PPO with continous action gaussian policy,0.99,"(256, 256)",0.01,180,180,0.0003,0.001,0.1,-22.870231513466052,<environment.models.simple_control_fixed.SimpleControlledFixedEnv object at 0x7fde2a4c7a60>,negative
9ea5fdf9-96d4-4ddf-a6d5-3348f3e2f48c,./output/9ea5fdf9-96d4-4ddf-a6d5-3348f3e2f48c_params.csv,./output/9ea5fdf9-96d4-4ddf-a6d5-3348f3e2f48c_QBERS.png,./output/9ea5fdf9-96d4-4ddf-a6d5-3348f3e2f48c_rewards.png,2024-07-18 12:05:40.440327,400,0.99,,2,3,,,,,,100,0,,,,0.1,10.0,SimpleControlledFixedEnv,"[True, True, True, True, False, False, True, True, True, True, True, True]","[0, 0, 0, 0]","[0, 0, 0, 0]","[0, 0, 0, 0]",175.1278738975525,175.1278738975525,-69.18653612549967,curriculum: restrict QBER to X then Z then both,PPO with continous action gaussian policy,0.99,"(256, 256)",0.01,180,180,0.0003,0.001,0.1,-23.205541189669763,<environment.models.simple_control_fixed.SimpleControlledFixedEnv object at 0x7f3a23f59b50>,negative
34ea4935-c3db-4900-a17e-782df6774551,./output/34ea4935-c3db-4900-a17e-782df6774551_params.csv,./output/34ea4935-c3db-4900-a17e-782df6774551_QBERS.png,./output/34ea4935-c3db-4900-a17e-782df6774551_rewards.png,2024-07-18 14:16:35.749055,600,0.99,,2,3,,,,,,100,0,,,,0.1,10.0,SimpleControlledFixedEnv,"[True, True, True, True, False, False, True, True, True, True, True, True]","[0, 0, 0, 0]","[0, 0, 0, 0]","[0, 0, 0, 0]",265.20637559890747,265.20637559890747,-69.18653612549967,curriculum: restrict QBER to X then Z then both,PPO with continous action gaussian policy,0.99,"(256, 256)",0.01,180,180,0.0003,0.001,0.1,-97.06255853559884,<environment.models.simple_control_fixed.SimpleControlledFixedEnv object at 0x7f91da4ff8b0>,negative
702989c9-81ab-4d19-9cb7-1b8c60178fc0,./output/702989c9-81ab-4d19-9cb7-1b8c60178fc0_params.csv,./output/702989c9-81ab-4d19-9cb7-1b8c60178fc0_QBERS.png,./output/702989c9-81ab-4d19-9cb7-1b8c60178fc0_rewards.png,2024-07-18 14:25:59.438805,300,0.99,,2,3,,,,,,100,0,,,,0.1,10.0,SimpleControlledFixedEnv,"[True, True, True, True, False, False, True, True, True, True, True, True]","[0, 0, 0, 0]","[0, 0, 0, 0]","[0, 0, 0, 0]",131.54127860069275,131.54127860069275,-69.18653612549967,curriculum: restrict QBER to X then Z then both,PPO with continous action gaussian policy,0.99,"(256, 256)",0.01,180,180,0.0003,0.001,0.1,-82.18165071036411,<environment.models.simple_control_fixed.SimpleControlledFixedEnv object at 0x7fc1a8394eb0>,negative
39e05380-c8c2-4572-8d73-90da8cda0757,./output/39e05380-c8c2-4572-8d73-90da8cda0757_params.csv,./output/39e05380-c8c2-4572-8d73-90da8cda0757_QBERS.png,./output/39e05380-c8c2-4572-8d73-90da8cda0757_rewards.png,2024-07-18 14:28:40.624015,300,0.99,,2,3,,,,,,100,0,,,,0.1,10.0,SimpleControlledFixedEnv,"[True, True, True, True, False, False, True, True, True, True, True, True]","[0, 0, 0, 0]","[0, 0, 0, 0]","[0, 0, 0, 0]",113.57539486885071,113.57539486885071,-69.18653612549967,curriculum: restrict QBER to X then Z then both,PPO with continous action gaussian policy,0.99,"(64, 64)",0.01,180,180,0.0003,0.001,0.1,-58.409361219564786,<environment.models.simple_control_fixed.SimpleControlledFixedEnv object at 0x7f138c957a90>,negative
5238831e-1c9d-4a19-89c4-c9e6925964d1,./output/5238831e-1c9d-4a19-89c4-c9e6925964d1_params.csv,./output/5238831e-1c9d-4a19-89c4-c9e6925964d1_QBERS.png,./output/5238831e-1c9d-4a19-89c4-c9e6925964d1_rewards.png,2024-07-18 14:33:55.329639,300,0.99,,2,3,,,,,,100,0,,,,0.1,10.0,SimpleControlledFixedEnv,"[True, True, True, True, False, False, True, True, True, True, True, True]","[0, 0, 0, 0]","[0, 0, 0, 0]","[0, 0, 0, 0]",264.215411901474,264.215411901474,-69.18653612549967,curriculum: restrict QBER to X then Z then both,PPO with continous action gaussian policy,0.99,"(512, 512)",0.01,280,280,0.0003,0.001,0.1,-29.637305521613584,<environment.models.simple_control_fixed.SimpleControlledFixedEnv object at 0x7fe19c59e940>,negative
83c53821-c606-440c-8fdc-83ea11c17809,./output/83c53821-c606-440c-8fdc-83ea11c17809_params.csv,./output/83c53821-c606-440c-8fdc-83ea11c17809_QBERS.png,./output/83c53821-c606-440c-8fdc-83ea11c17809_rewards.png,2024-07-18 15:19:51.006639,300,0.99,,2,3,,,,,,100,0,,,,0.1,10.0,SimpleControlledFixedEnv,"[True, True, True, True, False, False, True, True, True, True, True, True]","[0, 0, 0, 0]","[0, 0, 0, 0]","[0, 0, 0, 0]",263.0060803890228,263.0060803890228,-69.18653612549967,curriculum: restrict QBER to X then Z then both,PPO with continous action gaussian policy,0.95,"(512, 512)",0.01,280,280,0.0002,0.001,0.1,-37.44593903841688,<environment.models.simple_control_fixed.SimpleControlledFixedEnv object at 0x7fdd1c389e80>,negative
f51d758f-abc7-486d-b9e8-09a13b8799c6,./output/f51d758f-abc7-486d-b9e8-09a13b8799c6_params.csv,./output/f51d758f-abc7-486d-b9e8-09a13b8799c6_QBERS.png,./output/f51d758f-abc7-486d-b9e8-09a13b8799c6_rewards.png,2024-07-18 15:28:32.681538,300,0.99,,2,3,,,,,,100,0,,,,0.1,10.0,SimpleControlledFixedEnv,"[True, True, True, True, False, False, True, True, True, True, True, True]","[0, 0, 0, 0]","[0, 0, 0, 0]","[0, 0, 0, 0]",264.2923254966736,264.2923254966736,-69.18653612549967,curriculum: restrict QBER to X then Z then both,PPO with continous action gaussian policy,0.95,"(512, 512)",0.01,280,280,0.0002,0.001,0.1,-35.33430708861986,<environment.models.simple_control_fixed.SimpleControlledFixedEnv object at 0x7f0f60167df0>,negative
3ecc5352-84fc-4b45-a6e0-c20e111826ae,./output/3ecc5352-84fc-4b45-a6e0-c20e111826ae_params.csv,./output/3ecc5352-84fc-4b45-a6e0-c20e111826ae_QBERS.png,./output/3ecc5352-84fc-4b45-a6e0-c20e111826ae_rewards.png,2024-07-18 15:47:06.923187,300,0.99,,2,3,,,,,,100,0,,,,0.1,10.0,SimpleControlledFixedEnv,"[True, True, True, True, False, False, True, True, True, True, True, True]","[0, 0, 0, 0]","[0, 0, 0, 0]","[0, 0, 0, 0]",246.62338185310364,246.62338185310364,-69.18653612549967,curriculum: restrict QBER to X then Z then both,PPO with continous action gaussian policy,0.95,"(512, 512)",0.01,280,280,0.0002,0.001,0.1,-34.466079255856485,<environment.models.simple_control_fixed.SimpleControlledFixedEnv object at 0x7f513c2ed430>,negative
355801e8-70dd-4ee7-8b7a-52f2db16e56e,./output/355801e8-70dd-4ee7-8b7a-52f2db16e56e_params.csv,./output/355801e8-70dd-4ee7-8b7a-52f2db16e56e_QBERS.png,./output/355801e8-70dd-4ee7-8b7a-52f2db16e56e_rewards.png,2024-07-18 15:52:16.670266,300,0.99,,2,3,,,,,,100,0,,,,0.1,10.0,SimpleControlledFixedEnv,"[True, True, True, True, False, False, True, True, True, True, True, True]","[0, 0, 0, 0]","[0, 0, 0, 0]","[0, 0, 0, 0]",168.36983180046082,168.36983180046082,-69.18653612549967,,PPO with continous action gaussian policy,0.95,"(256, 256)",0.01,280,280,0.0002,0.001,0.1,-35.669558094357335,<environment.models.simple_control_fixed.SimpleControlledFixedEnv object at 0x7f94ba914f70>,negative
f611940f-ca5e-4f57-8388-4c922821d328,./output/f611940f-ca5e-4f57-8388-4c922821d328_params.csv,./output/f611940f-ca5e-4f57-8388-4c922821d328_QBERS.png,./output/f611940f-ca5e-4f57-8388-4c922821d328_rewards.png,2024-07-18 16:15:22.782000,300,0.99,,2,3,,,,,,100,0,,,,0.1,10.0,SimpleControlledFixedEnv,"[True, True, True, True, False, False, True, True, True, True, True, True]","[0, 0, 0, 0]","[0, 0, 0, 0]","[0, 0, 0, 0]",176.17516231536865,176.17516231536865,-69.18653612549967,,PPO with continous action gaussian policy,0.95,"(256, 256)",0.01,280,280,0.0002,0.001,0.1,-78.71852365920806,<environment.models.simple_control_fixed.SimpleControlledFixedEnv object at 0x7f7d384d1ac0>,negative
be81f4d9-4258-466d-a538-709286dab4a4,./output/be81f4d9-4258-466d-a538-709286dab4a4_params.csv,./output/be81f4d9-4258-466d-a538-709286dab4a4_QBERS.png,./output/be81f4d9-4258-466d-a538-709286dab4a4_rewards.png,2024-07-18 16:19:25.394143,300,0.99,,2,3,,,,,,100,0,,,,0.1,10.0,SimpleControlledFixedEnv,"[True, True, True, True, False, False, True, True, True, True, True, True]","[0, 0, 0, 0]","[0, 0, 0, 0]","[0, 0, 0, 0]",178.44131517410278,178.44131517410278,-69.18653612549967,,PPO with continous action gaussian policy,0.95,"(256, 256)",0.01,280,280,0.0005,0.001,0.1,-25.633216322664968,<environment.models.simple_control_fixed.SimpleControlledFixedEnv object at 0x7f317c250df0>,negative
1c4e8751-b59b-43f0-adcf-a5dca80c29a1,./output/1c4e8751-b59b-43f0-adcf-a5dca80c29a1_params.csv,./output/1c4e8751-b59b-43f0-adcf-a5dca80c29a1_QBER.png,./output/1c4e8751-b59b-43f0-adcf-a5dca80c29a1_rewards.png,,200,0.8,0.002,2,2,-3.141592653589793,3.141592653589793,,,,,1,0.001,0.01,0.4,0.01,2,SimpleControlledFixedEnv,,,,,,,,2bonus_constnegative_newNN,,,,,,,,,,,,
38795d55-d48c-4abd-ba8d-c32c6fe5ff24,./output/38795d55-d48c-4abd-ba8d-c32c6fe5ff24_params.csv,./output/38795d55-d48c-4abd-ba8d-c32c6fe5ff24_QBER.png,./output/38795d55-d48c-4abd-ba8d-c32c6fe5ff24_rewards.png,,100,0.99,0.005,2,2,-3.141592653589793,3.141592653589793,,,,,1,0.001,0.01,0.4,0.01,2,SimpleControlledFixedEnv,"[True, True, True, True, True, True, True, True, True, True, True, True]",,,,,,,2bonus_constnegative_newNN,,,,,,,,,,,,
e3513a5b-f4e3-42a7-b191-efbb2d21f1c3,./output/e3513a5b-f4e3-42a7-b191-efbb2d21f1c3_params.csv,./output/e3513a5b-f4e3-42a7-b191-efbb2d21f1c3_QBER.png,./output/e3513a5b-f4e3-42a7-b191-efbb2d21f1c3_rewards.png,,100,0.99,0.002,2,2,-3.141592653589793,3.141592653589793,,,,,1,0.001,0.01,0.4,,,,,,,,,,,2bonus_constnegative_newNN,,,,,,,,,,,,
ec0a1640-4fd7-47bf-a9d2-3dd776abd806,./output/ec0a1640-4fd7-47bf-a9d2-3dd776abd806_params.csv,./output/ec0a1640-4fd7-47bf-a9d2-3dd776abd806_QBER.png,./output/ec0a1640-4fd7-47bf-a9d2-3dd776abd806_rewards.png,,100,0.99,0.005,2,2,-3.141592653589793,3.141592653589793,,,,,1,0.001,0.01,0.4,0.01,2,SimpleControlledFixedEnv,"[True, True, True, True, False, False, True, True, True, True, True, True]",,,,,,,2bonus_constnegative_newNN,,,,,,,,,,,,
